bond3M,bond6M,bond1Y,bond2Y,bond3Y,bond5Y,bond10Y
2.34,2.85,3.48,4.36,4.41,4.92,5.39
2.35,2.86,3.5,4.39,4.44,4.98,5.43
2.31,2.81,3.43,4.29,4.36,4.9,5.35
2.31,2.82,3.46,4.34,4.43,4.94,5.38
2.28,2.77,3.39,4.25,4.32,4.84,5.29
2.28,2.76,3.38,4.24,4.36,4.91,5.36
2.24,2.71,3.26,4.13,4.27,4.86,5.38
2.23,2.7,3.24,4.12,4.25,4.81,5.37
2.23,2.71,3.25,4.14,4.26,4.81,5.36
2.23,2.71,3.24,4.13,4.23,4.78,5.34
2.24,2.72,3.25,4.15,4.24,4.8,5.36
2.25,2.74,3.27,4.19,4.28,4.84,5.39
2.25,2.74,3.24,4.15,4.24,4.8,5.34
2.25,2.74,3.24,4.15,4.24,4.8,5.34
2.25,2.75,3.24,4.15,4.26,4.81,5.34
2.25,2.75,3.22,4.12,4.24,4.8,5.33
2.28,2.75,3.23,4.12,4.26,4.82,5.35
2.27,2.73,3.2,4.06,4.21,4.77,5.31
2.27,2.74,3.22,4.08,4.23,4.8,5.33
2.29,2.76,3.25,4.14,4.31,4.87,5.38
2.28,2.74,3.22,4.07,4.27,4.82,5.34
2.28,2.74,3.22,4.09,4.3,4.85,5.36
2.27,2.72,3.19,4.04,4.27,4.84,5.34
2.26,2.71,3.17,4.02,4.27,4.84,5.35
2.25,2.69,3.16,4,4.26,4.84,5.36
2.24,2.67,3.13,4.01,4.22,4.79,5.32
2.24,2.67,3.15,4.05,4.26,4.8,5.35
2.24,2.66,3.14,4.03,4.27,4.82,5.36
2.24,2.66,3.14,4.02,4.27,4.83,5.36
2.23,2.64,3.1,3.96,4.18,4.76,5.31
2.22,2.61,3.06,3.9,4.12,4.72,5.29
2.22,2.6,3.06,3.9,4.12,4.73,5.3
2.22,2.59,3.05,3.9,4.1,4.73,5.3
2.22,2.59,3.06,3.9,4.1,4.72,5.29
2.24,2.62,3.13,3.97,4.18,4.77,5.31
2.24,2.62,3.14,3.99,4.2,4.77,5.3
2.23,2.6,3.12,3.95,4.16,4.75,5.27
2.23,2.59,3.11,3.92,4.14,4.69,5.22
2.21,2.57,3.08,3.87,4.09,4.61,5.13
2.21,2.57,3.07,3.88,4.1,4.62,5.14
2.2,2.55,3.06,3.88,4.11,4.63,5.14
2.18,2.52,3.03,3.85,4.09,4.6,5.11
2.18,2.51,3.02,3.85,4.08,4.56,5.06
2.18,2.51,3.01,3.86,4.1,4.56,5.04
2.18,2.51,3.01,3.87,4.12,4.58,5.04
2.17,2.5,2.99,3.85,4.1,4.59,5.03
2.17,2.5,2.98,3.83,4.08,4.57,5.01
2.14,2.44,2.88,3.71,3.97,4.45,4.89
2.13,2.41,2.85,3.67,3.93,4.39,4.84
2.13,2.41,2.84,3.66,3.93,4.41,4.85
2.12,2.38,2.78,3.59,3.84,4.38,4.83
2.1,2.34,2.73,3.54,3.8,4.35,4.79
2.09,2.32,2.7,3.5,3.76,4.3,4.74
2.09,2.32,2.7,3.49,3.79,4.32,4.72
2.09,2.31,2.69,3.48,3.77,4.26,4.68
2.11,2.34,2.75,3.59,3.9,4.4,4.81
2.11,2.34,2.77,3.62,3.94,4.49,4.94
2.08,2.3,2.7,3.53,3.82,4.39,4.86
2.08,2.3,2.7,3.54,3.84,4.42,4.91
2.08,2.3,2.71,3.58,3.92,4.53,4.98
2.08,2.3,2.71,3.58,3.9,4.56,4.99
2.08,2.3,2.7,3.57,3.89,4.52,4.95
2.07,2.28,2.66,3.51,3.84,4.46,4.91
2.07,2.28,2.65,3.5,3.84,4.47,4.93
2.07,2.28,2.67,3.54,3.85,4.52,4.96
2.07,2.28,2.67,3.55,3.84,4.49,4.94
2.07,2.28,2.67,3.53,3.82,4.42,4.88
2.06,2.27,2.64,3.47,3.74,4.35,4.81
2.06,2.27,2.65,3.5,3.77,4.43,4.83
2.07,2.28,2.68,3.55,3.85,4.53,4.94
2.07,2.28,2.68,3.55,3.83,4.52,4.95
2.07,2.28,2.7,3.57,3.87,4.56,4.98
2.07,2.28,2.69,3.56,3.85,4.54,4.97
2.06,2.27,2.67,3.52,3.8,4.49,4.93
2.06,2.27,2.67,3.52,3.78,4.48,4.94
2.06,2.27,2.67,3.52,3.76,4.46,4.94
2.06,2.27,2.68,3.54,3.8,4.49,4.97
2.06,2.27,2.68,3.53,3.77,4.45,4.94
2.06,2.27,2.68,3.53,3.76,4.41,4.91
2.06,2.27,2.68,3.53,3.75,4.4,4.9
2.05,2.26,2.66,3.49,3.66,4.32,4.84
2.05,2.25,2.65,3.48,3.62,4.3,4.83
2.04,2.24,2.63,3.45,3.58,4.26,4.81
2.04,2.24,2.65,3.48,3.61,4.27,4.82
2.05,2.25,2.68,3.56,3.7,4.32,4.86
2.05,2.25,2.69,3.57,3.71,4.32,4.86
2.05,2.26,2.72,3.61,3.79,4.43,4.93
2.05,2.24,2.69,3.53,3.69,4.37,4.89
2.05,2.24,2.7,3.54,3.71,4.44,4.96
2.05,2.24,2.68,3.5,3.64,4.36,4.9
2.06,2.26,2.74,3.61,3.77,4.46,4.97
2.06,2.26,2.75,3.63,3.79,4.48,4.98
2.06,2.26,2.75,3.61,3.78,4.48,4.99
2.06,2.26,2.76,3.61,3.78,4.5,5.04
2.06,2.26,2.76,3.61,3.77,4.5,5.04
2.06,2.26,2.76,3.61,3.76,4.48,5.03
2.06,2.26,2.76,3.6,3.74,4.45,5
2.06,2.26,2.74,3.55,3.64,4.35,4.94
2.06,2.26,2.72,3.51,3.59,4.31,4.92
2.07,2.27,2.74,3.53,3.61,4.37,4.96
2.07,2.27,2.74,3.52,3.6,4.37,4.93
2.07,2.27,2.75,3.53,3.61,4.39,4.94
2.07,2.27,2.75,3.52,3.58,4.36,4.93
2.07,2.27,2.75,3.51,3.57,4.31,4.89
2.07,2.28,2.78,3.54,3.63,4.31,4.9
2.08,2.28,2.8,3.56,3.68,4.33,4.91
2.07,2.28,2.78,3.53,3.6,4.3,4.88
2.07,2.28,2.78,3.54,3.63,4.32,4.9
2.07,2.28,2.77,3.53,3.61,4.32,4.89
2.07,2.28,2.79,3.56,3.64,4.37,4.92
2.07,2.28,2.85,3.58,3.68,4.4,4.94
2.07,2.28,2.89,3.6,3.71,4.4,4.94
2.07,2.28,2.92,3.62,3.73,4.4,4.92
2.07,2.28,2.93,3.62,3.72,4.4,4.9
2.07,2.28,2.93,3.6,3.7,4.39,4.9
2.07,2.28,2.94,3.61,3.72,4.41,4.91
2.08,2.3,3,3.71,3.88,4.52,4.98
2.08,2.37,3.02,3.74,3.9,4.51,4.99
2.08,2.39,3.03,3.76,3.93,4.51,4.99
2.08,2.41,3.03,3.75,3.9,4.51,4.98
2.08,2.42,3.04,3.76,3.9,4.52,4.99
2.09,2.48,3.11,3.8,3.95,4.53,4.99
2.09,2.49,3.1,3.77,3.89,4.48,4.96
2.1,2.51,3.09,3.75,3.86,4.44,4.95
2.11,2.54,3.07,3.71,3.8,4.39,4.92
2.11,2.56,3.08,3.72,3.82,4.39,4.91
2.12,2.58,3.1,3.74,3.85,4.41,4.92
2.12,2.58,3.1,3.73,3.84,4.4,4.91
2.14,2.61,3.13,3.78,3.9,4.45,4.93
2.15,2.63,3.15,3.8,3.94,4.5,4.96
2.19,2.66,3.16,3.8,3.94,4.52,4.94
2.23,2.67,3.18,3.82,3.96,4.53,4.95
2.23,2.67,3.18,3.82,3.96,4.52,4.94
2.23,2.68,3.2,3.84,3.98,4.53,4.94
2.23,2.67,3.18,3.8,3.94,4.5,4.91
2.23,2.67,3.17,3.78,3.92,4.49,4.91
2.25,2.67,3.17,3.78,3.92,4.49,4.91
2.27,2.67,3.16,3.78,3.92,4.49,4.91
2.27,2.66,3.14,3.74,3.87,4.46,4.91
2.27,2.65,3.12,3.71,3.82,4.4,4.89
2.3,2.66,3.13,3.73,3.85,4.42,4.9
2.31,2.66,3.15,3.75,3.88,4.44,4.89
2.31,2.65,3.14,3.73,3.86,4.41,4.87
2.31,2.65,3.14,3.72,3.86,4.41,4.87
2.31,2.65,3.12,3.68,3.8,4.38,4.84
2.31,2.65,3.12,3.68,3.8,4.38,4.84
2.32,2.66,3.15,3.73,3.86,4.42,4.86
2.35,2.66,3.15,3.73,3.87,4.42,4.85
2.33,2.66,3.14,3.7,3.84,4.4,4.82
2.34,2.68,3.16,3.73,3.87,4.44,4.84
2.35,2.69,3.18,3.75,3.89,4.47,4.85
2.38,2.72,3.2,3.77,3.92,4.49,4.85
2.38,2.72,3.2,3.76,3.91,4.46,4.84
2.37,2.71,3.17,3.69,3.83,4.38,4.8
2.36,2.7,3.13,3.63,3.76,4.33,4.76
2.36,2.7,3.12,3.61,3.73,4.32,4.75
2.36,2.7,3.12,3.62,3.74,4.33,4.75
2.37,2.71,3.13,3.63,3.76,4.34,4.75
2.37,2.7,3.12,3.59,3.7,4.28,4.7
2.36,2.69,3.11,3.57,3.68,4.24,4.61
2.36,2.68,3.1,3.54,3.61,4.13,4.52
2.37,2.69,3.11,3.54,3.62,4.14,4.53
2.37,2.68,3.1,3.51,3.58,4.11,4.54
2.37,2.68,3.1,3.5,3.57,4.11,4.54
2.37,2.68,3.1,3.48,3.54,4.04,4.47
2.38,2.69,3.11,3.49,3.56,4.04,4.43
2.39,2.7,3.13,3.51,3.58,4.05,4.44
2.41,2.72,3.13,3.49,3.55,4,4.38
2.44,2.76,3.18,3.55,3.65,4.06,4.42
2.45,2.75,3.17,3.5,3.6,4.02,4.38
2.45,2.75,3.18,3.52,3.65,4.02,4.43
2.51,2.79,3.19,3.55,3.69,4.14,4.49
2.51,2.78,3.17,3.51,3.63,4.06,4.43
2.51,2.78,3.16,3.49,3.61,4.03,4.37
2.49,2.7,2.99,3.25,3.35,3.83,4.21
2.49,2.7,2.99,3.28,3.4,3.89,4.24
2.48,2.68,2.96,3.29,3.43,3.89,4.24
2.43,2.65,2.92,3.24,3.39,3.82,4.23
2.43,2.66,2.89,3.26,3.43,3.87,4.24
2.42,2.65,2.87,3.22,3.39,3.82,4.19
2.42,2.66,2.88,3.26,3.45,3.86,4.25
2.42,2.67,2.91,3.3,3.5,3.94,4.3
2.38,2.64,2.87,3.26,3.44,3.86,4.25
2.38,2.64,2.86,3.24,3.39,3.82,4.21
2.38,2.63,2.85,3.23,3.37,3.8,4.2
2.38,2.62,2.84,3.21,3.34,3.74,4.13
2.38,2.62,2.84,3.2,3.32,3.71,4.11
2.38,2.61,2.82,3.16,3.26,3.57,4
2.39,2.61,2.85,3.2,3.3,3.61,4.01
2.39,2.6,2.84,3.19,3.29,3.59,3.98
2.39,2.6,2.84,3.2,3.31,3.61,4
2.41,2.6,2.84,3.19,3.31,3.62,4
2.46,2.6,2.83,3.17,3.27,3.61,3.99
2.46,2.6,2.84,3.18,3.28,3.65,4.06
2.46,2.6,2.83,3.16,3.26,3.61,4.04
2.47,2.61,2.85,3.18,3.28,3.64,4.07
2.36,2.5,2.7,2.99,3.08,3.45,3.91
2.35,2.49,2.69,2.97,3.05,3.45,3.92
2.35,2.5,2.7,2.98,3.06,3.49,3.97
2.39,2.55,2.78,3.09,3.2,3.64,4.08
2.42,2.58,2.82,3.15,3.26,3.7,4.14
2.43,2.58,2.84,3.18,3.29,3.75,4.18
2.39,2.54,2.8,3.14,3.23,3.73,4.22
2.38,2.55,2.79,3.17,3.29,3.8,4.3
2.36,2.53,2.74,3.15,3.25,3.81,4.33
2.37,2.55,2.77,3.18,3.3,3.89,4.39
2.36,2.54,2.76,3.13,3.23,3.79,4.26
2.36,2.55,2.78,3.15,3.25,3.86,4.36
2.4,2.59,2.88,3.24,3.35,3.96,4.39
2.41,2.6,2.9,3.27,3.41,4,4.45
2.42,2.6,2.91,3.28,3.43,4,4.44
2.44,2.63,2.97,3.34,3.5,4.05,4.5
2.47,2.66,3.02,3.42,3.6,4.11,4.53
2.47,2.65,3.01,3.4,3.55,4.13,4.57
2.47,2.65,3.02,3.41,3.58,4.13,4.58
2.47,2.64,3,3.38,3.51,4.07,4.5
2.47,2.64,2.99,3.36,3.48,4.09,4.52
2.47,2.64,2.98,3.35,3.46,4.1,4.54
2.48,2.65,2.99,3.37,3.47,4.15,4.57
2.46,2.6,2.9,3.26,3.32,4.03,4.46
2.46,2.6,2.9,3.26,3.35,3.99,4.44
2.46,2.6,2.88,3.23,3.33,3.97,4.44
2.46,2.6,2.86,3.21,3.32,3.98,4.48
2.47,2.61,2.88,3.24,3.38,4.01,4.49
2.48,2.63,2.9,3.28,3.42,4.07,4.56
2.47,2.62,2.86,3.22,3.34,4.01,4.48
2.47,2.61,2.84,3.2,3.31,3.98,4.43
2.47,2.62,2.85,3.21,3.3,4.03,4.47
2.47,2.61,2.81,3.16,3.22,3.96,4.42
2.46,2.6,2.8,3.13,3.19,3.88,4.38
2.49,2.6,2.81,3.14,3.21,3.88,4.36
2.49,2.6,2.81,3.13,3.18,3.9,4.37
2.49,2.6,2.81,3.1,3.12,3.87,4.36
2.49,2.6,2.8,3.08,3.11,3.85,4.32
2.49,2.6,2.8,3.08,2.89,3.86,4.31
2.5,2.63,2.85,3.24,3.08,3.95,4.37
2.5,2.63,2.84,3.25,3.17,3.96,4.38
2.49,2.62,2.83,3.23,3.14,3.96,4.36
2.51,2.65,2.87,3.32,3.26,4.07,4.47
2.51,2.65,2.88,3.34,3.3,4.07,4.48
2.52,2.69,2.96,3.45,3.43,4.15,4.58
2.51,2.68,2.93,3.4,3.35,4.11,4.55
2.51,2.68,2.94,3.41,3.36,4.14,4.57
2.51,2.68,2.93,3.4,3.35,4.13,4.55
2.49,2.65,2.87,3.32,3.24,4.06,4.49
2.49,2.65,2.84,3.26,3.19,4,4.47
2.49,2.65,2.84,3.27,3.23,3.99,4.47
2.49,2.66,2.85,3.26,3.28,4.01,4.49
2.51,2.68,2.88,3.32,3.35,4.07,4.51
2.51,2.68,2.89,3.33,3.37,4.09,4.53
2.51,2.68,2.89,3.34,3.38,4.07,4.53
2.51,2.68,2.89,3.35,3.38,4.08,4.52
2.52,2.69,2.91,3.4,3.5,4.15,4.57
2.51,2.68,2.9,3.39,3.5,4.18,4.59
2.5,2.66,2.89,3.38,3.5,4.2,4.63
2.5,2.66,2.91,3.42,3.58,4.29,4.7
2.5,2.66,2.91,3.42,3.59,4.3,4.71
2.5,2.66,2.91,3.42,3.57,4.28,4.72
2.51,2.67,2.93,3.42,3.6,4.26,4.7
2.51,2.67,2.92,3.38,3.54,4.21,4.65
2.56,2.73,3,3.47,3.64,4.28,4.71
2.58,2.75,3.05,3.52,3.69,4.26,4.69
2.67,2.82,3.13,3.59,3.71,4.27,4.69
2.68,2.84,3.13,3.57,3.66,4.26,4.67
2.7,2.87,3.19,3.68,3.79,4.34,4.72
2.76,2.93,3.21,3.7,3.81,4.35,4.71
2.77,2.94,3.22,3.71,3.81,4.35,4.73
2.78,2.97,3.25,3.75,3.88,4.4,4.76
2.81,3,3.26,3.77,3.9,4.42,4.76
2.82,3,3.26,3.76,3.88,4.4,4.73
2.82,3,3.26,3.75,3.86,4.36,4.71
2.83,3.01,3.28,3.77,3.88,4.38,4.71
2.85,3.04,3.33,3.84,3.96,4.41,4.72
2.86,3.05,3.35,3.87,3.98,4.4,4.72
2.89,3.09,3.42,3.97,4.1,4.51,4.8
2.89,3.09,3.4,3.93,4.06,4.51,4.81
2.93,3.11,3.39,3.87,4,4.51,4.82
2.94,3.12,3.39,3.83,3.96,4.45,4.79
2.94,3.11,3.38,3.78,3.94,4.47,4.81
2.94,3.11,3.39,3.79,3.97,4.49,4.83
2.94,3.11,3.38,3.76,3.95,4.46,4.82
2.94,3.11,3.37,3.74,3.93,4.45,4.82
2.94,3.12,3.39,3.76,3.96,4.47,4.82
2.94,3.12,3.39,3.74,3.94,4.43,4.8
2.94,3.13,3.41,3.76,3.96,4.41,4.76
2.94,3.13,3.39,3.71,3.89,4.32,4.68
2.94,3.13,3.39,3.71,3.89,4.33,4.71
2.94,3.12,3.37,3.65,3.81,4.27,4.67
2.94,3.13,3.39,3.67,3.84,4.28,4.66
2.95,3.14,3.4,3.67,3.84,4.28,4.67
2.99,3.16,3.41,3.67,3.84,4.28,4.68
3.02,3.22,3.47,3.76,3.93,4.34,4.71
3.02,3.22,3.48,3.76,3.94,4.36,4.71
3.02,3.22,3.47,3.74,3.92,4.34,4.7
3.02,3.22,3.46,3.71,3.89,4.32,4.68
3.02,3.21,3.45,3.67,3.83,4.25,4.63
3.02,3.18,3.39,3.56,3.71,4.11,4.49
3.02,3.19,3.39,3.54,3.69,4.05,4.44
3.02,3.19,3.38,3.5,3.64,3.96,4.35
3.02,3.19,3.35,3.46,3.57,3.89,4.27
3.03,3.2,3.38,3.53,3.64,4,4.37
3.03,3.2,3.4,3.55,3.66,4.05,4.41
3.03,3.2,3.4,3.57,3.65,4.07,4.46
3.04,3.21,3.42,3.62,3.71,4.14,4.5
3.04,3.21,3.41,3.61,3.7,4.11,4.5
3.04,3.21,3.4,3.59,3.66,4.08,4.49
3.04,3.21,3.4,3.58,3.66,4.06,4.47
3.04,3.21,3.42,3.6,3.71,4.08,4.48
3.04,3.21,3.43,3.62,3.73,4.08,4.47
3.04,3.21,3.43,3.61,3.71,4.08,4.47
3.04,3.21,3.43,3.63,3.74,4.12,4.49
3.04,3.21,3.42,3.62,3.73,4.11,4.48
3.04,3.2,3.4,3.59,3.67,4.06,4.46
3.04,3.2,3.4,3.58,3.68,4.05,4.45
3.04,3.2,3.4,3.58,3.69,4.05,4.44
3.04,3.2,3.4,3.59,3.7,4.07,4.46
3.04,3.19,3.38,3.58,3.68,4.05,4.45
3.05,3.2,3.41,3.63,3.76,4.12,4.48
3.05,3.2,3.41,3.64,3.78,4.15,4.49
3.04,3.2,3.39,3.6,3.72,4.09,4.49
3.04,3.2,3.4,3.61,3.74,4.11,4.5
3.04,3.2,3.4,3.61,3.73,4.09,4.5
3.04,3.2,3.4,3.61,3.72,4.08,4.49
3.04,3.2,3.39,3.6,3.7,4.06,4.45
3.04,3.2,3.39,3.6,3.71,4.05,4.44
3.04,3.2,3.41,3.62,3.74,4.08,4.45
3.04,3.21,3.44,3.65,3.78,4.12,4.48
3.04,3.21,3.46,3.67,3.8,4.13,4.5
3.05,3.23,3.5,3.7,3.84,4.16,4.52
3.05,3.23,3.5,3.7,3.82,4.16,4.53
3.05,3.23,3.5,3.7,3.82,4.17,4.54
3.05,3.23,3.48,3.68,3.79,4.14,4.52
3.07,3.25,3.48,3.66,3.77,4.1,4.48
3.09,3.26,3.48,3.66,3.77,4.1,4.47
3.11,3.27,3.48,3.66,3.78,4.09,4.47
3.11,3.27,3.48,3.66,3.79,4.1,4.47
3.1,3.26,3.46,3.63,3.75,4.07,4.43
3.11,3.26,3.46,3.63,3.75,4.08,4.44
3.11,3.26,3.45,3.62,3.72,4.05,4.41
3.11,3.25,3.43,3.59,3.67,3.99,4.34
3.1,3.24,3.42,3.58,3.66,4.01,4.37
3.1,3.24,3.4,3.55,3.61,3.97,4.35
3.1,3.25,3.41,3.56,3.62,3.97,4.34
3.1,3.25,3.41,3.56,3.62,3.96,4.33
3.1,3.24,3.41,3.56,3.62,3.96,4.33
3.1,3.24,3.41,3.56,3.62,3.95,4.33
3.1,3.23,3.39,3.53,3.58,3.89,4.27
3.1,3.23,3.39,3.53,3.59,3.89,4.26
3.1,3.23,3.39,3.52,3.57,3.86,4.22
3.11,3.24,3.41,3.55,3.61,3.91,4.26
3.11,3.24,3.41,3.54,3.6,3.87,4.24
3.11,3.24,3.41,3.53,3.58,3.85,4.21
3.11,3.24,3.41,3.54,3.59,3.87,4.23
3.12,3.25,3.42,3.56,3.64,3.91,4.28
3.11,3.23,3.39,3.51,3.57,3.84,4.21
3.11,3.23,3.39,3.51,3.57,3.84,4.21
3.1,3.22,3.37,3.48,3.52,3.8,4.2
3.1,3.22,3.37,3.48,3.52,3.8,4.19
3.11,3.23,3.4,3.51,3.57,3.85,4.22
3.17,3.29,3.49,3.57,3.65,3.91,4.25
3.2,3.3,3.51,3.59,3.66,3.93,4.25
3.24,3.32,3.52,3.61,3.7,3.96,4.27
3.24,3.32,3.52,3.6,3.68,3.96,4.27
3.23,3.3,3.5,3.57,3.61,3.9,4.2
3.23,3.3,3.51,3.61,3.67,3.94,4.24
3.23,3.3,3.51,3.6,3.66,3.93,4.24
3.23,3.3,3.52,3.61,3.67,3.95,4.25
3.27,3.3,3.52,3.61,3.67,3.94,4.24
3.27,3.31,3.52,3.61,3.68,3.94,4.23
3.28,3.32,3.53,3.64,3.71,3.97,4.26
3.3,3.33,3.54,3.65,3.72,3.97,4.25
3.31,3.34,3.54,3.65,3.72,3.97,4.26
3.32,3.35,3.57,3.68,3.77,4.01,4.29
3.32,3.35,3.56,3.68,3.76,4.01,4.29
3.32,3.36,3.57,3.7,3.77,4.03,4.33
3.32,3.36,3.58,3.71,3.78,4.04,4.33
3.32,3.36,3.57,3.7,3.76,4.01,4.29
3.32,3.37,3.58,3.72,3.79,4.04,4.31
3.32,3.37,3.58,3.72,3.79,4.04,4.31
3.33,3.38,3.62,3.76,3.85,4.08,4.34
3.33,3.38,3.6,3.73,3.81,4.04,4.31
3.33,3.38,3.6,3.73,3.71,4.04,4.19
3.31,3.35,3.56,3.67,3.71,3.93,4.18
3.31,3.35,3.56,3.66,3.7,3.92,4.19
3.31,3.35,3.55,3.64,3.68,3.89,4.17
3.31,3.35,3.55,3.65,3.69,3.89,4.15
3.31,3.35,3.55,3.66,3.71,3.91,4.15
3.31,3.36,3.57,3.69,3.75,3.95,4.17
3.31,3.36,3.57,3.69,3.75,3.95,4.17
3.32,3.37,3.6,3.72,3.79,3.98,4.18
3.33,3.39,3.63,3.76,3.82,4,4.19
3.34,3.4,3.65,3.78,3.84,4.02,4.23
3.34,3.4,3.65,3.77,3.82,4,4.23
3.34,3.4,3.64,3.76,3.81,3.98,4.19
3.36,3.42,3.68,3.8,3.85,4.02,4.2
3.39,3.45,3.71,3.84,3.9,4.05,4.24
3.39,3.45,3.69,3.84,3.87,4.05,4.21
3.39,3.45,3.69,3.84,3.87,4.05,4.21
3.35,3.42,3.63,3.73,3.77,3.9,4.12
3.32,3.39,3.55,3.6,3.61,3.77,4.01
3.32,3.39,3.53,3.6,3.59,3.77,4.06
3.32,3.39,3.53,3.6,3.57,3.77,4.08
3.29,3.34,3.43,3.44,3.45,3.65,3.94
3.29,3.34,3.44,3.48,3.52,3.7,3.92
3.29,3.34,3.43,3.46,3.49,3.68,3.9
3.29,3.35,3.44,3.47,3.5,3.69,3.92
3.29,3.35,3.46,3.5,3.54,3.72,3.94
3.29,3.35,3.47,3.52,3.56,3.72,3.93
3.28,3.34,3.45,3.47,3.49,3.65,3.84
3.28,3.34,3.46,3.47,3.49,3.64,3.86
3.28,3.34,3.46,3.49,3.52,3.66,3.89
3.27,3.33,3.44,3.46,3.46,3.6,3.84
3.27,3.33,3.44,3.46,3.46,3.6,3.84
3.27,3.33,3.45,3.47,3.48,3.63,3.87
3.27,3.33,3.47,3.5,3.51,3.66,3.88
3.27,3.33,3.46,3.47,3.48,3.61,3.84
3.27,3.33,3.46,3.47,3.49,3.62,3.86
3.27,3.32,3.43,3.44,3.45,3.58,3.81
3.27,3.32,3.43,3.44,3.44,3.57,3.79
3.25,3.29,3.37,3.36,3.35,3.46,3.63
3.25,3.29,3.36,3.35,3.35,3.45,3.63
3.27,3.32,3.42,3.44,3.45,3.53,3.7
3.25,3.3,3.37,3.38,3.4,3.48,3.64
3.25,3.3,3.35,3.36,3.36,3.45,3.6
3.24,3.29,3.31,3.31,3.31,3.4,3.55
3.24,3.3,3.34,3.36,3.37,3.45,3.62
3.25,3.31,3.35,3.38,3.4,3.48,3.68
3.27,3.34,3.41,3.48,3.51,3.61,3.79
3.27,3.34,3.4,3.46,3.49,3.61,3.82
3.27,3.34,3.4,3.47,3.5,3.63,3.86
3.27,3.34,3.4,3.46,3.49,3.62,3.82
3.27,3.34,3.39,3.43,3.45,3.56,3.76
3.28,3.36,3.43,3.47,3.51,3.61,3.84
3.28,3.36,3.41,3.44,3.46,3.55,3.81
3.3,3.39,3.46,3.51,3.53,3.62,3.88
3.31,3.4,3.48,3.55,3.55,3.63,3.9
3.31,3.41,3.49,3.56,3.55,3.66,3.95
3.3,3.38,3.46,3.48,3.46,3.55,3.8
3.3,3.38,3.45,3.46,3.44,3.54,3.78
3.3,3.38,3.44,3.44,3.43,3.55,3.81
3.3,3.38,3.44,3.44,3.43,3.56,3.83
3.3,3.38,3.46,3.47,3.48,3.61,3.85
3.3,3.38,3.46,3.47,3.48,3.61,3.86
3.3,3.38,3.43,3.43,3.42,3.55,3.81
3.3,3.38,3.41,3.41,3.4,3.53,3.78
3.3,3.38,3.41,3.42,3.41,3.54,3.77
3.31,3.39,3.45,3.46,3.46,3.6,3.84
3.31,3.39,3.45,3.45,3.45,3.59,3.84
3.31,3.39,3.45,3.45,3.45,3.59,3.85
3.31,3.39,3.44,3.44,3.44,3.58,3.85
3.32,3.4,3.48,3.48,3.49,3.63,3.9
3.34,3.43,3.51,3.52,3.53,3.67,3.94
3.34,3.43,3.51,3.52,3.53,3.67,3.94
3.34,3.43,3.5,3.5,3.5,3.63,3.92
3.34,3.43,3.51,3.52,3.53,3.66,3.93
3.34,3.43,3.52,3.53,3.54,3.67,3.93
3.34,3.43,3.51,3.51,3.51,3.63,3.87
3.34,3.43,3.5,3.49,3.48,3.6,3.85
3.34,3.43,3.5,3.49,3.47,3.59,3.84
3.34,3.43,3.48,3.46,3.43,3.54,3.81
3.34,3.43,3.48,3.46,3.43,3.55,3.83
3.34,3.43,3.47,3.45,3.41,3.54,3.83
3.34,3.43,3.46,3.44,3.39,3.52,3.79
3.34,3.43,3.45,3.43,3.38,3.51,3.78
3.32,3.4,3.4,3.38,3.33,3.47,3.76
3.33,3.41,3.42,3.41,3.37,3.52,3.79
3.33,3.41,3.43,3.43,3.39,3.56,3.84
3.32,3.39,3.4,3.39,3.36,3.52,3.81
3.32,3.38,3.38,3.37,3.34,3.49,3.79
3.32,3.38,3.39,3.38,3.37,3.51,3.82
3.32,3.37,3.38,3.37,3.36,3.5,3.81
3.32,3.37,3.38,3.38,3.37,3.51,3.8
3.32,3.37,3.39,3.4,3.39,3.52,3.79
3.32,3.37,3.37,3.37,3.36,3.49,3.76
3.32,3.37,3.39,3.39,3.38,3.5,3.76
3.32,3.38,3.41,3.41,3.41,3.53,3.8
3.33,3.39,3.43,3.44,3.44,3.55,3.81
3.33,3.39,3.43,3.43,3.43,3.54,3.82
3.32,3.38,3.39,3.39,3.38,3.49,3.77
3.32,3.38,3.4,3.4,3.38,3.5,3.8
3.32,3.38,3.39,3.39,3.38,3.49,3.79
3.32,3.38,3.39,3.39,3.38,3.49,3.79
3.32,3.37,3.39,3.39,3.34,3.5,3.79
3.32,3.36,3.39,3.38,3.33,3.5,3.79
3.33,3.36,3.4,3.39,3.35,3.52,3.79
3.33,3.36,3.4,3.39,3.35,3.52,3.79
3.33,3.36,3.4,3.4,3.36,3.52,3.81
3.33,3.36,3.39,3.39,3.35,3.5,3.8
3.33,3.36,3.38,3.38,3.34,3.49,3.79
3.33,3.36,3.37,3.37,3.33,3.48,3.78
3.33,3.36,3.37,3.37,3.33,3.48,3.79
3.35,3.38,3.43,3.44,3.42,3.57,3.88
3.35,3.38,3.4,3.41,3.38,3.53,3.83
3.35,3.38,3.39,3.39,3.36,3.51,3.83
3.35,3.38,3.4,3.4,3.36,3.51,3.83
3.35,3.38,3.41,3.41,3.37,3.52,3.84
3.36,3.39,3.42,3.42,3.38,3.53,3.85
3.37,3.39,3.42,3.42,3.39,3.53,3.85
3.37,3.39,3.42,3.42,3.39,3.52,3.85
3.36,3.38,3.4,3.38,3.34,3.46,3.79
3.35,3.36,3.38,3.37,3.34,3.47,3.79
3.35,3.36,3.38,3.38,3.35,3.49,3.8
3.34,3.36,3.38,3.38,3.35,3.49,3.8
3.34,3.36,3.38,3.37,3.34,3.49,3.79
3.34,3.36,3.38,3.38,3.35,3.5,3.79
3.34,3.36,3.39,3.4,3.38,3.51,3.79
3.34,3.36,3.39,3.4,3.38,3.51,3.79
3.34,3.36,3.39,3.4,3.38,3.5,3.79
3.34,3.36,3.4,3.4,3.38,3.51,3.79
3.34,3.36,3.39,3.39,3.37,3.5,3.79
3.34,3.36,3.38,3.37,3.35,3.48,3.79
3.35,3.37,3.39,3.38,3.37,3.5,3.81
3.35,3.37,3.39,3.37,3.36,3.5,3.8
3.35,3.37,3.39,3.38,3.38,3.51,3.79
3.35,3.37,3.4,3.4,3.4,3.53,3.82
3.35,3.37,3.41,3.41,3.42,3.54,3.82
3.35,3.37,3.4,3.4,3.4,3.53,3.82
3.35,3.37,3.39,3.39,3.38,3.51,3.8
3.35,3.36,3.38,3.37,3.36,3.48,3.77
3.35,3.36,3.39,3.38,3.38,3.49,3.77
3.35,3.36,3.38,3.37,3.37,3.48,3.76
3.35,3.36,3.38,3.38,3.38,3.49,3.77
3.35,3.36,3.38,3.38,3.38,3.5,3.77
3.35,3.36,3.38,3.39,3.4,3.52,3.78
3.35,3.37,3.39,3.4,3.42,3.54,3.8
3.36,3.38,3.41,3.42,3.44,3.56,3.82
3.36,3.38,3.41,3.43,3.45,3.57,3.82
3.36,3.38,3.4,3.42,3.44,3.56,3.81
3.36,3.38,3.41,3.44,3.46,3.58,3.83
3.36,3.38,3.41,3.43,3.44,3.57,3.82
3.36,3.38,3.42,3.44,3.46,3.58,3.83
3.36,3.38,3.4,3.42,3.43,3.56,3.81
3.36,3.39,3.41,3.44,3.45,3.58,3.83
3.37,3.39,3.43,3.45,3.47,3.6,3.85
3.37,3.39,3.43,3.45,3.47,3.6,3.85
3.37,3.39,3.43,3.45,3.46,3.59,3.85
3.37,3.39,3.42,3.44,3.44,3.57,3.83
3.37,3.39,3.43,3.45,3.45,3.57,3.83
3.37,3.39,3.43,3.44,3.44,3.55,3.82
3.37,3.39,3.42,3.43,3.42,3.53,3.8
3.38,3.4,3.43,3.44,3.45,3.55,3.82
3.38,3.42,3.45,3.46,3.48,3.58,3.85
3.39,3.42,3.46,3.48,3.51,3.61,3.88
3.39,3.42,3.46,3.47,3.5,3.61,3.88
3.39,3.42,3.46,3.47,3.5,3.63,3.9
3.39,3.41,3.44,3.45,3.48,3.6,3.87
3.39,3.42,3.45,3.46,3.49,3.61,3.87
3.39,3.42,3.44,3.45,3.47,3.59,3.85
3.39,3.42,3.44,3.45,3.48,3.59,3.85
3.41,3.43,3.46,3.48,3.52,3.62,3.89
3.44,3.46,3.5,3.53,3.57,3.68,3.95
3.45,3.47,3.51,3.55,3.59,3.7,3.97
3.46,3.48,3.53,3.57,3.62,3.76,4.01
3.45,3.47,3.52,3.56,3.6,3.76,4.01
3.46,3.48,3.54,3.59,3.63,3.8,4.05
3.46,3.48,3.54,3.59,3.63,3.82,4.07
3.46,3.48,3.55,3.6,3.64,3.82,4.07
3.46,3.48,3.54,3.59,3.62,3.78,4.04
3.46,3.48,3.54,3.6,3.63,3.78,4.04
3.45,3.46,3.51,3.57,3.59,3.74,4
3.44,3.45,3.49,3.55,3.57,3.72,3.99
3.43,3.44,3.47,3.53,3.55,3.7,3.96
3.43,3.44,3.48,3.55,3.58,3.72,3.99
3.43,3.43,3.47,3.53,3.56,3.7,3.96
3.43,3.43,3.47,3.53,3.56,3.72,3.97
3.43,3.43,3.47,3.53,3.56,3.71,3.98
3.42,3.42,3.46,3.51,3.54,3.69,3.95
3.41,3.41,3.44,3.48,3.5,3.65,3.91
3.41,3.41,3.44,3.48,3.5,3.65,3.91
3.41,3.41,3.44,3.48,3.5,3.65,3.91
3.4,3.41,3.44,3.47,3.49,3.64,3.9
3.39,3.4,3.43,3.46,3.47,3.61,3.88
3.39,3.4,3.43,3.46,3.47,3.6,3.87
3.39,3.4,3.44,3.47,3.49,3.62,3.88
3.39,3.4,3.44,3.47,3.49,3.62,3.88
3.38,3.39,3.43,3.46,3.46,3.59,3.85
3.39,3.4,3.44,3.47,3.47,3.6,3.86
3.39,3.4,3.44,3.47,3.47,3.6,3.86
3.39,3.4,3.45,3.48,3.49,3.62,3.88
3.39,3.4,3.45,3.48,3.49,3.62,3.87
3.38,3.4,3.43,3.45,3.46,3.58,3.83
3.38,3.4,3.43,3.44,3.45,3.56,3.81
3.38,3.4,3.43,3.44,3.46,3.57,3.82
3.38,3.39,3.42,3.43,3.44,3.55,3.8
3.37,3.39,3.41,3.41,3.42,3.52,3.79
3.35,3.37,3.38,3.38,3.38,3.48,3.75
3.35,3.37,3.38,3.39,3.39,3.5,3.77
3.35,3.37,3.37,3.38,3.37,3.49,3.76
3.35,3.38,3.38,3.39,3.4,3.52,3.79
3.34,3.37,3.36,3.37,3.37,3.49,3.75
3.34,3.36,3.37,3.38,3.38,3.5,3.75
3.34,3.36,3.37,3.38,3.38,3.5,3.74
3.34,3.36,3.37,3.37,3.38,3.49,3.73
3.34,3.36,3.38,3.38,3.39,3.5,3.74
3.33,3.35,3.36,3.36,3.36,3.47,3.71
3.33,3.35,3.37,3.37,3.37,3.49,3.74
3.33,3.35,3.36,3.36,3.36,3.49,3.74
3.33,3.35,3.36,3.36,3.36,3.48,3.73
3.33,3.34,3.35,3.35,3.35,3.47,3.73
3.33,3.34,3.35,3.35,3.35,3.47,3.73
3.33,3.34,3.35,3.36,3.36,3.48,3.74
3.33,3.34,3.34,3.35,3.35,3.47,3.73
3.31,3.31,3.31,3.32,3.32,3.43,3.69
3.3,3.3,3.3,3.3,3.3,3.39,3.64
3.27,3.27,3.27,3.27,3.26,3.35,3.57
3.28,3.28,3.29,3.29,3.28,3.39,3.62
3.29,3.29,3.3,3.31,3.3,3.42,3.65
3.26,3.26,3.26,3.26,3.25,3.35,3.57
3.3,3.3,3.31,3.31,3.32,3.44,3.66
3.28,3.29,3.29,3.29,3.29,3.41,3.62
3.29,3.3,3.3,3.3,3.31,3.42,3.64
3.28,3.29,3.29,3.29,3.29,3.41,3.64
3.27,3.27,3.27,3.28,3.27,3.4,3.64
3.28,3.29,3.3,3.3,3.3,3.44,3.67
3.28,3.28,3.29,3.29,3.29,3.43,3.65
3.29,3.29,3.3,3.31,3.31,3.45,3.67
3.29,3.29,3.3,3.31,3.31,3.44,3.66
3.28,3.28,3.29,3.29,3.29,3.42,3.64
3.28,3.28,3.29,3.29,3.29,3.41,3.63
3.28,3.28,3.29,3.29,3.29,3.41,3.63
3.27,3.27,3.28,3.28,3.27,3.39,3.61
3.27,3.27,3.28,3.28,3.26,3.38,3.58
3.29,3.29,3.31,3.3,3.3,3.42,3.62
3.29,3.29,3.31,3.3,3.3,3.41,3.61
3.29,3.29,3.3,3.29,3.29,3.4,3.58
3.29,3.29,3.29,3.29,3.28,3.39,3.57
3.28,3.28,3.28,3.28,3.27,3.38,3.56
3.26,3.26,3.25,3.25,3.23,3.35,3.54
3.24,3.24,3.23,3.23,3.21,3.33,3.52
3.24,3.24,3.23,3.24,3.22,3.34,3.53
3.22,3.22,3.21,3.21,3.19,3.31,3.51
2.99,2.99,2.99,2.98,2.97,3.07,3.29
2.97,2.97,2.97,2.97,2.95,3.06,3.27
2.97,2.97,2.97,2.97,2.95,3.05,3.24
2.94,2.94,2.94,2.94,2.92,3.02,3.2
2.91,2.91,2.91,2.91,2.89,2.99,3.16
2.91,2.91,2.91,2.91,2.91,3.01,3.18
2.88,2.88,2.88,2.88,2.88,2.98,3.15
2.82,2.82,2.82,2.82,2.82,2.91,3.06
2.83,2.83,2.83,2.83,2.83,2.92,3.07
2.78,2.78,2.78,2.78,2.78,2.86,3.01
2.8,2.8,2.8,2.8,2.81,2.89,3.04
2.84,2.84,2.85,2.86,2.86,2.97,3.13
2.84,2.84,2.84,2.85,2.85,2.96,3.13
2.84,2.84,2.84,2.85,2.85,2.97,3.14
2.82,2.82,2.82,2.83,2.83,2.97,3.14
2.78,2.78,2.79,2.79,2.79,2.92,3.1
2.77,2.77,2.77,2.77,2.77,2.87,3.03
2.77,2.77,2.78,2.78,2.78,2.87,3.03
2.77,2.77,2.77,2.78,2.78,2.87,3.03
2.76,2.76,2.76,2.77,2.76,2.86,3.01
2.8,2.8,2.81,2.82,2.82,2.93,3.06
2.78,2.78,2.79,2.8,2.79,2.9,3.04
2.8,2.8,2.82,2.83,2.82,2.93,3.06
2.84,2.85,2.86,2.87,2.87,2.98,3.11
2.9,2.91,2.93,2.94,2.95,3.06,3.21
2.89,2.89,2.91,2.92,2.93,3.04,3.19
2.92,2.92,2.93,2.95,2.95,3.07,3.21
2.89,2.89,2.9,2.9,2.9,3.02,3.16
2.9,2.9,2.9,2.9,2.9,3.02,3.16
2.87,2.88,2.88,2.88,2.88,2.98,3.12
2.85,2.85,2.85,2.84,2.83,2.93,3.08
2.85,2.85,2.84,2.82,2.81,2.91,3.06
2.86,2.86,2.85,2.82,2.81,2.91,3.06
2.84,2.84,2.83,2.8,2.79,2.88,3.03
2.84,2.84,2.82,2.79,2.78,2.87,3.03
2.84,2.83,2.81,2.78,2.76,2.86,3.02
2.82,2.82,2.8,2.77,2.75,2.83,3
2.83,2.83,2.81,2.79,2.77,2.86,3.02
2.81,2.81,2.79,2.76,2.74,2.82,2.98
2.81,2.81,2.8,2.77,2.75,2.83,2.99
2.85,2.85,2.85,2.83,2.82,2.9,3.06
2.84,2.84,2.84,2.82,2.8,2.88,3.04
2.82,2.82,2.82,2.8,2.78,2.85,3.01
2.83,2.83,2.84,2.82,2.8,2.87,3.02
2.88,2.88,2.9,2.89,2.87,2.94,3.07
2.88,2.88,2.89,2.88,2.86,2.93,3.08
2.9,2.91,2.92,2.91,2.9,2.97,3.13
2.87,2.88,2.89,2.88,2.86,2.94,3.09
2.89,2.9,2.91,2.9,2.88,2.97,3.12
2.84,2.85,2.86,2.84,2.82,2.9,3.05
2.85,2.87,2.88,2.86,2.84,2.92,3.07
2.85,2.87,2.88,2.86,2.81,2.92,3.05
2.84,2.85,2.86,2.83,2.8,2.88,3.04
2.84,2.85,2.85,2.83,2.79,2.87,3.03
2.86,2.86,2.86,2.85,2.81,2.89,3.05
2.84,2.84,2.84,2.83,2.79,2.87,3.02
2.81,2.81,2.81,2.8,2.76,2.82,2.97
2.8,2.8,2.8,2.78,2.74,2.81,2.95
2.81,2.81,2.81,2.79,2.75,2.82,2.95
2.82,2.82,2.82,2.8,2.76,2.83,2.96
2.82,2.82,2.82,2.8,2.76,2.83,2.96
2.78,2.78,2.77,2.75,2.71,2.78,2.91
2.8,2.8,2.8,2.78,2.74,2.81,2.92
2.82,2.82,2.82,2.8,2.77,2.83,2.95
2.81,2.81,2.81,2.79,2.76,2.82,2.94
2.82,2.82,2.83,2.81,2.78,2.85,2.96
2.84,2.84,2.85,2.83,2.81,2.88,2.98
2.85,2.85,2.86,2.85,2.84,2.91,3.02
2.83,2.83,2.83,2.83,2.81,2.89,3.02
2.8,2.81,2.84,2.86,2.84,2.92,3.04
2.78,2.79,2.81,2.84,2.82,2.9,3.02
2.77,2.78,2.8,2.83,2.81,2.89,3.01
2.77,2.78,2.8,2.83,2.81,2.89,3.01
2.75,2.76,2.78,2.81,2.78,2.86,2.98
2.75,2.76,2.78,2.81,2.79,2.87,2.98
2.75,2.76,2.78,2.8,2.78,2.86,2.98
2.74,2.75,2.77,2.78,2.77,2.84,2.96
2.74,2.75,2.77,2.77,2.77,2.83,2.96
2.75,2.76,2.78,2.78,2.78,2.84,2.97
2.76,2.77,2.8,2.8,2.8,2.86,2.99
2.75,2.76,2.78,2.78,2.78,2.85,2.99
2.75,2.76,2.78,2.78,2.78,2.85,2.99
2.73,2.74,2.76,2.76,2.76,2.83,2.96
2.75,2.76,2.78,2.79,2.79,2.86,2.98
2.75,2.76,2.78,2.79,2.79,2.86,2.98
2.74,2.74,2.76,2.77,2.78,2.84,2.96
2.75,2.75,2.77,2.78,2.79,2.85,2.97
2.75,2.75,2.77,2.78,2.78,2.85,2.97
2.74,2.74,2.76,2.77,2.77,2.84,2.96
2.75,2.75,2.77,2.79,2.79,2.86,2.98
2.76,2.76,2.78,2.8,2.8,2.87,2.99
2.76,2.76,2.78,2.8,2.8,2.87,2.99
2.77,2.78,2.8,2.82,2.82,2.89,3.01
2.78,2.8,2.83,2.84,2.84,2.91,3.03
2.77,2.79,2.82,2.82,2.82,2.9,3.02
2.78,2.8,2.84,2.84,2.84,2.92,3.04
2.77,2.79,2.83,2.83,2.83,2.9,3.02
2.77,2.79,2.83,2.83,2.83,2.9,3.02
2.78,2.8,2.84,2.84,2.84,2.91,3.03
2.77,2.79,2.82,2.84,2.84,2.91,3.03
2.76,2.78,2.8,2.83,2.84,2.91,3.04
2.77,2.79,2.81,2.85,2.86,2.95,3.08
2.77,2.78,2.79,2.84,2.83,2.94,3.07
2.76,2.77,2.78,2.82,2.81,2.93,3.06
2.77,2.78,2.8,2.83,2.83,2.96,3.09
2.77,2.78,2.8,2.83,2.83,2.97,3.09
2.77,2.78,2.8,2.83,2.83,2.96,3.1
2.77,2.79,2.82,2.85,2.86,2.99,3.14
2.76,2.79,2.82,2.86,2.87,3,3.15
2.76,2.79,2.82,2.87,2.88,3.02,3.16
2.77,2.8,2.83,2.89,2.9,3.05,3.19
2.76,2.78,2.82,2.88,2.88,3.04,3.2
2.75,2.77,2.8,2.85,2.85,3.02,3.18
2.75,2.78,2.81,2.86,2.87,3.03,3.21
2.76,2.79,2.81,2.87,2.88,3.05,3.24
2.75,2.77,2.8,2.85,2.85,3.03,3.21
2.74,2.76,2.78,2.82,2.82,2.97,3.16
2.73,2.76,2.78,2.81,2.82,2.98,3.19
2.71,2.73,2.743,2.753,2.76,2.91,3.13
2.68,2.71,2.67,2.75,2.74,2.89,3.13
2.69,2.71,2.72,2.75,2.76,2.89,3.1
2.68,2.7,2.71,2.73,2.74,2.87,3.08
2.68,2.7,2.71,2.73,2.75,2.87,3.05
2.65,2.67,2.68,2.69,2.7,2.82,3.02
2.69,2.71,2.71,2.75,2.76,2.87,3.05
2.69,2.72,2.72,2.76,2.76,2.88,3.04
2.68,2.7,2.7,2.74,2.73,2.84,3.01
2.68,2.7,2.71,2.74,2.74,2.84,3.02
2.68,2.7,2.71,2.73,2.73,2.83,3
2.7,2.71,2.72,2.74,2.75,2.85,3.02
2.7,2.71,2.72,2.74,2.74,2.85,3.02
2.7,2.71,2.72,2.73,2.73,2.84,3.02
2.7,2.71,2.71,2.72,2.72,2.83,3.01
2.7,2.71,2.71,2.72,2.71,2.82,3
2.7,2.71,2.71,2.71,2.71,2.82,2.99
2.72,2.85,2.86,2.85,2.74,2.91,3.02
2.73,2.73,2.74,2.74,2.75,2.86,3.04
2.74,2.75,2.76,2.77,2.78,2.9,3.1
2.73,2.74,2.75,2.76,2.76,2.89,3.1
2.73,2.74,2.75,2.76,2.76,2.9,3.12
2.73,2.73,2.74,2.76,2.76,2.9,3.11
2.71,2.72,2.72,2.74,2.75,2.88,3.08
2.69,2.7,2.7,2.71,2.72,2.85,3.07
2.69,2.7,2.7,2.71,2.72,2.85,3.06
2.69,2.69,2.7,2.71,2.72,2.84,3.06
2.68,2.68,2.69,2.7,2.71,2.83,3.04
2.69,2.7,2.7,2.71,2.73,2.86,3.08
2.69,2.69,2.7,2.71,2.73,2.86,3.09
2.68,2.68,2.69,2.7,2.72,2.84,3.08
2.67,2.67,2.68,2.69,2.71,2.83,3.06
2.65,2.65,2.66,2.67,2.69,2.8,3.03
2.66,2.67,2.68,2.69,2.71,2.82,3.04
2.64,2.65,2.66,2.67,2.68,2.79,3.02
2.65,2.66,2.67,2.68,2.69,2.8,3.02
2.65,2.66,2.67,2.68,2.68,2.8,3.02
2.63,2.64,2.64,2.65,2.65,2.76,2.98
2.62,2.62,2.62,2.62,2.63,2.73,2.93
2.63,2.63,2.63,2.63,2.63,2.74,2.94
2.63,2.63,2.63,2.63,2.63,2.74,2.94
2.62,2.62,2.62,2.62,2.63,2.73,2.93
2.63,2.63,2.63,2.64,2.64,2.75,2.96
2.64,2.64,2.64,2.66,2.66,2.77,2.99
2.64,2.64,2.64,2.66,2.66,2.77,2.99
2.64,2.64,2.64,2.66,2.66,2.78,3
2.6,2.6,2.6,2.61,2.61,2.72,2.95
2.6,2.6,2.6,2.61,2.61,2.72,2.96
2.6,2.6,2.6,2.61,2.62,2.72,2.95
2.6,2.6,2.6,2.61,2.61,2.71,2.93
2.59,2.59,2.59,2.59,2.59,2.68,2.9
2.59,2.59,2.59,2.59,2.6,2.68,2.88
2.59,2.59,2.59,2.6,2.6,2.68,2.9
2.59,2.59,2.59,2.6,2.59,2.67,2.89
2.58,2.58,2.58,2.59,2.58,2.66,2.87
2.59,2.59,2.59,2.6,2.58,2.66,2.88
2.59,2.59,2.59,2.6,2.58,2.66,2.88
2.59,2.59,2.59,2.6,2.58,2.65,2.86
2.5,2.5,2.5,2.48,2.45,2.51,2.73
2.54,2.55,2.55,2.54,2.52,2.58,2.8
2.52,2.52,2.52,2.51,2.49,2.57,2.81
2.51,2.51,2.51,2.49,2.47,2.56,2.8
2.51,2.51,2.51,2.49,2.47,2.56,2.78
2.52,2.52,2.51,2.49,2.48,2.57,2.79
2.49,2.48,2.47,2.45,2.44,2.54,2.76
2.51,2.5,2.49,2.48,2.47,2.57,2.77
2.52,2.51,2.51,2.5,2.49,2.59,2.79
2.5,2.5,2.5,2.49,2.48,2.58,2.79
2.63,2.63,2.63,2.63,2.63,2.72,2.91
2.67,2.67,2.67,2.68,2.67,2.76,2.96
2.65,2.65,2.65,2.66,2.66,2.75,2.97
2.62,2.62,2.62,2.62,2.61,2.69,2.9
2.63,2.63,2.62,2.63,2.63,2.69,2.9
2.61,2.61,2.6,2.6,2.59,2.66,2.86
2.63,2.63,2.63,2.62,2.61,2.68,2.87
2.65,2.65,2.64,2.64,2.62,2.69,2.87
2.65,2.65,2.63,2.63,2.6,2.67,2.85
2.67,2.67,2.64,2.64,2.61,2.68,2.85
2.65,2.65,2.61,2.6,2.56,2.63,2.82
2.64,2.63,2.58,2.55,2.52,2.58,2.8
2.66,2.65,2.58,2.55,2.52,2.59,2.81
2.63,2.62,2.56,2.52,2.49,2.56,2.77
2.58,2.57,2.52,2.48,2.44,2.51,2.73
2.6,2.59,2.54,2.5,2.47,2.53,2.74
2.67,2.67,2.63,2.59,2.56,2.62,2.81
2.65,2.64,2.6,2.57,2.54,2.61,2.8
2.66,2.64,2.61,2.58,2.55,2.62,2.82
2.64,2.62,2.59,2.58,2.55,2.62,2.84
2.59,2.59,2.58,2.57,2.55,2.64,2.87
2.58,2.58,2.58,2.58,2.57,2.66,2.89
2.54,2.55,2.56,2.56,2.56,2.64,2.87
2.54,2.55,2.55,2.56,2.56,2.65,2.88
2.53,2.54,2.55,2.56,2.56,2.65,2.89
2.56,2.57,2.57,2.6,2.6,2.69,2.92
2.54,2.55,2.57,2.6,2.6,2.69,2.92
2.54,2.55,2.57,2.61,2.61,2.7,2.93
2.54,2.55,2.57,2.61,2.61,2.7,2.93
2.55,2.56,2.58,2.61,2.62,2.71,2.94
2.54,2.55,2.57,2.6,2.61,2.7,2.92
2.56,2.57,2.59,2.63,2.64,2.73,2.94
2.63,2.64,2.67,2.74,2.75,2.85,3.04
2.59,2.61,2.65,2.73,2.75,2.85,3.05
2.59,2.62,2.66,2.76,2.78,2.9,3.12
2.56,2.59,2.64,2.74,2.78,2.9,3.12
2.56,2.59,2.64,2.75,2.78,2.93,3.13
2.57,2.6,2.66,2.77,2.81,2.96,3.16
2.53,2.55,2.61,2.73,2.77,2.92,3.13
2.53,2.56,2.62,2.76,2.79,2.95,3.15
2.54,2.57,2.63,2.78,2.8,3,3.2
2.56,2.59,2.67,2.84,2.88,3.08,3.31
2.52,2.55,2.61,2.78,2.82,3.03,3.25
2.5,2.52,2.57,2.72,2.76,2.96,3.19
2.53,2.56,2.61,2.78,2.81,3.02,3.27
2.5,2.54,2.58,2.73,2.77,2.98,3.21
2.54,2.57,2.62,2.77,2.81,3.02,3.24
2.59,2.63,2.7,2.89,2.94,3.16,3.41
2.63,2.67,2.75,2.96,3.04,3.32,3.58
2.65,2.71,2.8,3.02,3.12,3.43,3.68
2.6,2.66,2.73,2.92,3.02,3.32,3.58
2.6,2.65,2.71,2.9,2.97,3.25,3.5
2.61,2.65,2.71,2.9,2.97,3.21,3.44
2.58,2.61,2.67,2.85,2.88,3.14,3.4
2.63,2.66,2.74,2.94,2.99,3.25,3.51
2.56,2.6,2.69,2.89,2.94,3.18,3.42
2.53,2.58,2.68,2.89,2.95,3.19,3.45
2.5,2.56,2.67,2.87,2.93,3.19,3.46
2.5,2.56,2.67,2.86,2.95,3.22,3.5
2.5,2.56,2.68,2.88,3,3.31,3.61
2.49,2.55,2.67,2.87,2.99,3.29,3.6
2.47,2.53,2.64,2.83,2.94,3.24,3.53
2.44,2.5,2.59,2.75,2.84,3.1,3.37
2.46,2.52,2.62,2.77,2.86,3.11,3.38
2.48,2.54,2.65,2.8,2.89,3.15,3.45
2.48,2.54,2.65,2.8,2.88,3.14,3.44
2.49,2.54,2.65,2.8,2.89,3.16,3.47
2.47,2.52,2.62,2.77,2.85,3.11,3.41
2.47,2.52,2.62,2.77,2.85,3.1,3.42
2.48,2.52,2.63,2.78,2.85,3.1,3.41
2.5,2.54,2.65,2.81,2.88,3.12,3.41
2.51,2.55,2.66,2.82,2.89,3.14,3.43
2.55,2.58,2.7,2.86,2.95,3.22,3.52
2.54,2.58,2.69,2.85,2.94,3.21,3.51
2.53,2.57,2.67,2.81,2.9,3.17,3.46
2.54,2.58,2.68,2.82,2.91,3.18,3.47
2.56,2.6,2.69,2.83,2.92,3.2,3.49
2.58,2.61,2.68,2.82,2.92,3.2,3.49
2.6,2.63,2.7,2.85,2.96,3.26,3.58
2.56,2.59,2.67,2.8,2.92,3.2,3.51
2.56,2.59,2.67,2.8,2.92,3.2,3.52
2.56,2.59,2.67,2.81,2.94,3.25,3.59
2.54,2.58,2.65,2.79,2.92,3.23,3.58
2.54,2.58,2.64,2.77,2.91,3.23,3.58
2.54,2.58,2.64,2.77,2.9,3.21,3.54
2.55,2.59,2.65,2.79,2.92,3.23,3.57
2.58,2.62,2.67,2.83,2.97,3.28,3.66
2.58,2.62,2.67,2.82,2.96,3.29,3.67
2.59,2.63,2.68,2.84,2.99,3.34,3.74
2.56,2.6,2.65,2.79,2.94,3.28,3.64
2.57,2.61,2.67,2.81,2.97,3.31,3.66
2.58,2.62,2.69,2.83,2.99,3.35,3.73
2.57,2.61,2.67,2.81,2.96,3.33,3.72
2.56,2.6,2.66,2.79,2.94,3.28,3.67
2.56,2.6,2.66,2.79,2.94,3.27,3.66
2.56,2.6,2.66,2.79,2.93,3.24,3.61
2.55,2.59,2.66,2.77,2.91,3.21,3.58
2.54,2.58,2.65,2.75,2.88,3.17,3.53
2.56,2.6,2.68,2.78,2.92,3.21,3.59
2.56,2.6,2.68,2.79,2.93,3.22,3.6
2.56,2.6,2.68,2.8,2.93,3.24,3.63
2.58,2.62,2.72,2.85,2.99,3.31,3.7
2.58,2.62,2.72,2.85,2.99,3.31,3.69
2.56,2.6,2.69,2.82,2.95,3.25,3.59
2.57,2.61,2.71,2.84,2.97,3.28,3.62
2.56,2.59,2.69,2.82,2.94,3.24,3.55
2.55,2.58,2.67,2.8,2.91,3.21,3.53
2.56,2.59,2.68,2.82,2.93,3.23,3.57
2.53,2.56,2.65,2.78,2.87,3.15,3.5
2.52,2.55,2.64,2.76,2.85,3.11,3.47
2.51,2.54,2.62,2.73,2.8,3.04,3.4
2.52,2.55,2.64,2.75,2.82,3.05,3.39
2.53,2.56,2.65,2.77,2.84,3.06,3.4
2.53,2.56,2.66,2.78,2.85,3.09,3.46
2.53,2.55,2.65,2.77,2.83,3.06,3.44
2.53,2.55,2.64,2.76,2.82,3.05,3.42
2.54,2.56,2.66,2.78,2.84,3.08,3.45
2.53,2.55,2.65,2.77,2.82,3.05,3.41
2.53,2.55,2.65,2.77,2.83,3.05,3.4
2.53,2.55,2.66,2.78,2.84,3.07,3.42
2.53,2.55,2.67,2.79,2.85,3.09,3.46
2.53,2.55,2.68,2.8,2.87,3.13,3.51
2.53,2.55,2.67,2.79,2.86,3.12,3.5
2.54,2.56,2.68,2.81,2.88,3.15,3.54
2.54,2.56,2.68,2.81,2.88,3.15,3.53
2.54,2.56,2.67,2.8,2.87,3.14,3.51
2.54,2.56,2.66,2.79,2.85,3.12,3.49
2.53,2.55,2.65,2.77,2.82,3.08,3.44
2.53,2.55,2.66,2.78,2.84,3.1,3.45
2.53,2.55,2.66,2.78,2.83,3.09,3.44
2.51,2.54,2.63,2.75,2.79,3.02,3.35
2.51,2.54,2.64,2.76,2.8,3.04,3.37
2.51,2.54,2.64,2.76,2.8,3.03,3.36
2.54,2.59,2.64,2.75,2.82,3.05,3.4
2.54,2.59,2.66,2.75,2.81,3.05,3.4
2.54,2.58,2.66,2.73,2.8,3.03,3.37
2.53,2.58,2.66,2.74,2.81,3.04,3.39
2.53,2.58,2.66,2.77,2.85,3.09,3.45
2.54,2.59,2.67,2.79,2.86,3.11,3.48
2.53,2.58,2.66,2.79,2.89,3.15,3.52
2.53,2.59,2.66,2.79,2.89,3.14,3.5
2.54,2.59,2.67,2.8,2.9,3.16,3.52
2.54,2.59,2.66,2.78,2.88,3.14,3.49
2.54,2.59,2.68,2.83,2.96,3.24,3.58
2.54,2.59,2.68,2.85,2.96,3.25,3.59
2.54,2.59,2.67,2.82,2.94,3.23,3.56
2.54,2.59,2.67,2.81,2.94,3.24,3.58
2.54,2.59,2.68,2.82,2.94,3.25,3.6
2.54,2.59,2.68,2.82,2.94,3.25,3.59
2.54,2.59,2.67,2.81,2.95,3.29,3.63
2.53,2.59,2.67,2.82,2.96,3.3,3.64
2.53,2.59,2.68,2.83,2.97,3.32,3.68
2.54,2.59,2.69,2.83,2.95,3.29,3.64
2.53,2.59,2.67,2.84,2.97,3.31,3.65
2.53,2.58,2.67,2.83,2.96,3.29,3.64
2.53,2.58,2.67,2.83,2.97,3.3,3.64
2.53,2.58,2.68,2.85,2.99,3.32,3.65
2.53,2.59,2.69,2.86,3.01,3.35,3.67
2.53,2.59,2.7,2.88,3.04,3.39,3.73
2.55,2.61,2.72,2.94,3.04,3.39,3.73
2.55,2.61,2.71,2.92,3.03,3.39,3.73
2.54,2.6,2.7,2.92,3.02,3.41,3.75
2.54,2.6,2.69,2.91,3.01,3.39,3.73
2.54,2.59,2.68,2.88,2.99,3.34,3.68
2.54,2.59,2.69,2.88,2.99,3.35,3.69
2.55,2.61,2.7,2.895,3.005,3.368,3.715
2.54,2.61,2.703,2.89,3.005,3.365,3.71
2.54,2.6,2.69,2.835,2.955,3.329,3.68
2.54,2.6,2.683,2.798,2.92,3.272,3.63
2.55,2.61,2.68,2.785,2.885,3.235,3.605
2.56,2.61,2.688,2.815,2.9,3.25,3.62
2.58,2.62,2.69,2.815,2.89,3.25,3.63
2.57,2.62,2.69,2.805,2.878,3.235,3.625
2.6,2.64,2.695,2.815,2.88,3.225,3.58
2.59,2.63,2.69,2.82,2.883,3.22,3.565
2.59,2.63,2.69,2.815,2.88,3.225,3.575
2.56,2.61,2.655,2.77,2.83,3.19,3.55
2.56,2.61,2.67,2.79,2.865,3.23,3.585
2.56,2.6,2.67,2.83,2.91,3.305,3.68
2.56,2.6,2.67,2.833,2.93,3.325,3.7
2.54,2.58,2.628,2.763,2.86,3.254,3.645
2.53,2.58,2.623,2.76,2.864,3.255,3.65
2.53,2.56,2.613,2.75,2.855,3.24,3.645
2.53,2.57,2.62,2.79,2.895,3.279,3.674
2.54,2.58,2.63,2.81,2.91,3.28,3.652
2.55,2.59,2.635,2.795,2.89,3.24,3.627
2.55,2.59,2.64,2.81,2.905,3.26,3.645
2.55,2.59,2.645,2.805,2.905,3.27,3.665
2.55,2.6,2.645,2.79,2.89,3.25,3.645
2.55,2.6,2.65,2.798,2.897,3.255,3.65
2.56,2.61,2.658,2.808,2.905,3.26,3.65
2.56,2.61,2.658,2.815,2.91,3.27,3.665
2.56,2.61,2.66,2.825,2.92,3.282,3.68
2.56,2.61,2.658,2.81,2.902,3.26,3.655
2.57,2.61,2.658,2.785,2.865,3.213,3.585
2.58,2.63,2.668,2.8,2.885,3.23,3.607
2.58,2.63,2.67,2.795,2.872,3.22,3.602
2.58,2.63,2.668,2.803,2.885,3.225,3.615
2.58,2.62,2.663,2.797,2.882,3.225,3.607
2.57,2.61,2.645,2.77,2.85,3.174,3.544
2.57,2.61,2.645,2.775,2.855,3.185,3.545
2.57,2.61,2.645,2.765,2.849,3.18,3.54
2.56,2.6,2.645,2.77,2.855,3.197,3.567
2.56,2.61,2.635,2.76,2.845,3.172,3.545
2.56,2.6,2.64,2.75,2.84,3.158,3.53
2.56,2.6,2.643,2.75,2.844,3.16,3.53
2.56,2.61,2.64,2.75,2.837,3.14,3.492
2.56,2.6,2.645,2.75,2.84,3.133,3.482
2.56,2.6,2.645,2.76,2.853,3.15,3.5
2.56,2.6,2.648,2.765,2.862,3.164,3.524
2.56,2.6,2.648,2.76,2.855,3.148,3.498
2.56,2.6,2.648,2.76,2.86,3.145,3.495
2.56,2.61,2.65,2.775,2.877,3.175,3.53
2.56,2.6,2.65,2.77,2.87,3.16,3.513
2.57,2.6,2.65,2.764,2.859,3.148,3.499
2.57,2.61,2.65,2.755,2.855,3.15,3.512
2.57,2.61,2.65,2.748,2.85,3.132,3.501
2.57,2.61,2.65,2.748,2.85,3.126,3.497
2.58,2.62,2.663,2.778,2.89,3.175,3.548
2.58,2.61,2.663,2.795,2.913,3.208,3.585
2.58,2.62,2.66,2.785,2.895,3.185,3.56
2.58,2.62,2.66,2.785,2.895,3.185,3.57
2.58,2.61,2.655,2.783,2.893,3.19,3.579
2.58,2.61,2.653,2.775,2.883,3.175,3.568
2.58,2.62,2.665,2.78,2.88,3.196,3.56
2.58,2.62,2.663,2.773,2.867,3.18,3.536
2.6,2.63,2.66,2.786,2.868,3.18,3.533
2.59,2.62,2.645,2.748,2.825,3.125,3.473
2.59,2.62,2.648,2.77,2.848,3.154,3.52
2.58,2.62,2.645,2.763,2.838,3.148,3.535
2.58,2.62,2.645,2.759,2.83,3.13,3.515
2.58,2.62,2.653,2.789,2.865,3.158,3.535
2.58,2.63,2.658,2.805,2.884,3.175,3.56
2.58,2.62,2.658,2.81,2.89,3.183,3.568
2.58,2.62,2.655,2.803,2.88,3.169,3.543
2.58,2.62,2.655,2.804,2.882,3.17,3.543
2.58,2.62,2.655,2.8,2.878,3.167,3.538
2.58,2.62,2.658,2.794,2.868,3.15,3.514
2.58,2.62,2.655,2.786,2.87,3.155,3.52
2.58,2.62,2.655,2.785,2.872,3.16,3.535
2.57,2.62,2.653,2.793,2.88,3.175,3.559
2.57,2.62,2.653,2.79,2.883,3.178,3.563
2.57,2.61,2.645,2.783,2.887,3.177,3.56
2.57,2.61,2.643,2.771,2.87,3.158,3.53
2.57,2.61,2.643,2.773,2.878,3.168,3.545
2.57,2.61,2.638,2.76,2.855,3.143,3.523
2.57,2.61,2.638,2.765,2.858,3.147,3.535
2.57,2.61,2.633,2.761,2.857,3.145,3.534
2.57,2.61,2.645,2.774,2.873,3.163,3.538
2.57,2.61,2.65,2.781,2.879,3.168,3.538
2.57,2.61,2.653,2.791,2.888,3.18,3.548
2.58,2.62,2.645,2.781,2.87,3.16,3.517
2.58,2.62,2.65,2.781,2.877,3.175,3.54
2.58,2.62,2.648,2.79,2.885,3.184,3.562
2.58,2.62,2.653,2.785,2.875,3.175,3.55
2.57,2.62,2.663,2.793,2.88,3.18,3.547
2.58,2.62,2.663,2.793,2.88,3.18,3.547
2.58,2.62,2.663,2.791,2.875,3.17,3.53
2.58,2.62,2.665,2.79,2.877,3.17,3.527
2.58,2.62,2.663,2.785,2.872,3.165,3.525
2.58,2.62,2.665,2.785,2.87,3.165,3.525
2.58,2.62,2.663,2.774,2.862,3.152,3.506
2.58,2.62,2.658,2.765,2.852,3.127,3.466
2.57,2.62,2.658,2.765,2.846,3.12,3.46
2.57,2.62,2.655,2.755,2.835,3.101,3.422
2.57,2.61,2.655,2.763,2.849,3.112,3.44
2.58,2.62,2.653,2.77,2.855,3.12,3.452
2.57,2.61,2.655,2.766,2.85,3.11,3.442
2.58,2.62,2.648,2.751,2.825,3.065,3.38
2.57,2.61,2.655,2.756,2.835,3.067,3.387
2.57,2.61,2.655,2.756,2.836,3.057,3.373
2.58,2.62,2.653,2.762,2.842,3.07,3.382
2.57,2.61,2.655,2.763,2.842,3.07,3.38
2.58,2.62,2.655,2.771,2.847,3.087,3.407
2.57,2.61,2.655,2.759,2.83,3.068,3.381
2.57,2.61,2.655,2.759,2.827,3.06,3.371
2.57,2.61,2.658,2.761,2.827,3.057,3.367
2.57,2.61,2.658,2.753,2.815,3.04,3.347
2.57,2.61,2.655,2.746,2.805,3.02,3.32
2.57,2.61,2.655,2.751,2.815,3.035,3.34
2.57,2.61,2.655,2.752,2.825,3.055,3.36
2.57,2.61,2.665,2.781,2.837,3.065,3.375
2.57,2.61,2.665,2.781,2.837,3.072,3.38
2.58,2.62,2.668,2.782,2.837,3.07,3.38
2.58,2.61,2.66,2.764,2.817,3.04,3.34
2.58,2.61,2.658,2.76,2.82,3.05,3.355
2.57,2.6,2.643,2.73,2.79,3.02,3.321
2.56,2.6,2.628,2.69,2.74,2.99,3.31
2.56,2.59,2.615,2.672,2.716,2.979,3.315
2.56,2.59,2.615,2.686,2.725,2.972,3.297
2.56,2.59,2.615,2.691,2.724,2.972,3.297
2.56,2.58,2.605,2.672,2.681,2.927,3.25
2.56,2.58,2.598,2.652,2.66,2.87,3.211
2.56,2.58,2.603,2.675,2.69,2.902,3.24
2.56,2.59,2.598,2.67,2.68,2.892,3.212
2.56,2.59,2.613,2.684,2.695,2.909,3.217
2.57,2.59,2.62,2.689,2.71,2.91,3.205
2.57,2.59,2.613,2.667,2.697,2.892,3.182
2.57,2.59,2.605,2.65,2.682,2.88,3.172
2.56,2.58,2.595,2.635,2.665,2.865,3.167
2.53,2.55,2.558,2.57,2.58,2.787,3.087
2.54,2.55,2.553,2.577,2.597,2.795,3.105
2.54,2.54,2.548,2.587,2.614,2.812,3.125
2.54,2.54,2.548,2.585,2.615,2.825,3.13
2.54,2.54,2.55,2.607,2.65,2.862,3.16
2.52,2.53,2.535,2.562,2.61,2.837,3.155
2.52,2.53,2.535,2.56,2.606,2.819,3.125
2.51,2.51,2.518,2.545,2.582,2.769,3.06
2.51,2.51,2.518,2.552,2.595,2.785,3.075
2.5,2.51,2.514,2.552,2.595,2.78,3.068
2.5,2.5,2.505,2.546,2.585,2.764,3.041
2.48,2.48,2.485,2.518,2.553,2.734,3.001
2.45,2.45,2.454,2.49,2.525,2.711,2.975
2.45,2.45,2.448,2.483,2.52,2.725,3
2.44,2.44,2.443,2.478,2.515,2.724,2.999
2.41,2.41,2.413,2.44,2.478,2.695,2.977
2.42,2.42,2.415,2.452,2.497,2.719,3.014
2.41,2.4,2.404,2.446,2.493,2.711,3.002
2.41,2.41,2.403,2.455,2.506,2.73,3.021
2.41,2.41,2.408,2.465,2.52,2.746,3.034
2.4,2.4,2.395,2.449,2.509,2.745,3.037
2.4,2.39,2.389,2.449,2.516,2.757,3.054
2.4,2.4,2.392,2.466,2.544,2.802,3.102
2.39,2.39,2.387,2.465,2.545,2.805,3.105
2.38,2.38,2.377,2.45,2.52,2.757,3.065
2.39,2.38,2.387,2.459,2.534,2.767,3.095
2.37,2.37,2.377,2.447,2.526,2.756,3.085
2.36,2.36,2.359,2.427,2.5,2.718,3.038
2.35,2.36,2.36,2.435,2.51,2.735,3.047
2.36,2.36,2.36,2.445,2.519,2.749,3.065
2.34,2.35,2.35,2.435,2.513,2.75,3.07
2.33,2.33,2.349,2.456,2.54,2.761,3.065
2.32,2.33,2.358,2.478,2.565,2.795,3.103
2.32,2.33,2.362,2.478,2.572,2.816,3.142
2.32,2.33,2.363,2.48,2.577,2.82,3.142
2.32,2.33,2.363,2.487,2.585,2.83,3.149
2.31,2.33,2.363,2.482,2.582,2.825,3.144
2.31,2.33,2.363,2.475,2.567,2.792,3.106
2.31,2.32,2.357,2.452,2.537,2.756,3.062
2.3,2.32,2.351,2.444,2.526,2.75,3.047
2.3,2.32,2.352,2.444,2.525,2.751,3.059
2.3,2.32,2.349,2.436,2.513,2.736,3.033
2.3,2.32,2.352,2.435,2.517,2.737,3.04
2.29,2.31,2.342,2.425,2.511,2.742,3.063
2.29,2.31,2.343,2.441,2.533,2.768,3.1
2.29,2.31,2.344,2.451,2.541,2.767,3.098
2.28,2.29,2.331,2.417,2.505,2.732,3.069
2.27,2.29,2.327,2.403,2.495,2.731,3.082
2.22,2.24,2.272,2.336,2.404,2.66,3.011
2.22,2.24,2.265,2.331,2.4,2.676,3.042
2.2,2.21,2.248,2.31,2.367,2.66,3.047
2.2,2.21,2.244,2.309,2.37,2.65,3.036
2.2,2.2,2.234,2.299,2.364,2.633,3.019
2.2,2.2,2.23,2.298,2.369,2.636,3.03
2.19,2.2,2.228,2.294,2.352,2.605,2.987
2.19,2.2,2.223,2.291,2.346,2.592,2.975
2.2,2.2,2.22,2.281,2.33,2.577,2.97
2.2,2.2,2.218,2.275,2.322,2.56,2.95
2.2,2.2,2.218,2.27,2.315,2.536,2.92
2.2,2.2,2.218,2.27,2.322,2.537,2.911
2.18,2.19,2.205,2.237,2.292,2.495,2.852
2.13,2.13,2.145,2.16,2.212,2.417,2.805
2.13,2.13,2.143,2.178,2.242,2.426,2.825
2.13,2.13,2.143,2.188,2.26,2.44,2.847
2.13,2.13,2.148,2.209,2.287,2.466,2.862
2.13,2.13,2.148,2.212,2.287,2.467,2.847
2.12,2.12,2.141,2.189,2.262,2.456,2.817
2.12,2.13,2.14,2.18,2.255,2.472,2.82
2.12,2.12,2.142,2.2,2.28,2.5,2.84
2.08,2.1,2.142,2.2,2.287,2.493,2.825
2.05,2.08,2.127,2.172,2.25,2.432,2.735
2.05,2.08,2.123,2.172,2.245,2.42,2.73
2.05,2.08,2.122,2.178,2.257,2.447,2.785
2.05,2.07,2.113,2.164,2.242,2.422,2.757
2.05,2.07,2.113,2.162,2.232,2.415,2.752
2.05,2.07,2.113,2.153,2.216,2.39,2.722
2.05,2.07,2.108,2.153,2.21,2.37,2.7
2.05,2.07,2.108,2.162,2.219,2.382,2.72
2.05,2.07,2.108,2.156,2.212,2.377,2.715
2.04,2.07,2.105,2.151,2.205,2.365,2.702
2.04,2.07,2.102,2.141,2.195,2.344,2.685
2.03,2.05,2.082,2.102,2.145,2.295,2.655
2.02,2.04,2.062,2.081,2.117,2.29,2.665
2,2.01,2.035,2.054,2.095,2.27,2.63
1.99,2,2.023,2.044,2.087,2.275,2.637
1.98,1.99,2.017,2.032,2.08,2.272,2.642
1.98,1.99,2.017,2.037,2.09,2.3,2.675
1.98,1.99,2.02,2.057,2.117,2.322,2.686
2.01,2.02,2.05,2.112,2.179,2.372,2.717
2.02,2.03,2.062,2.14,2.205,2.405,2.759
2.03,2.04,2.069,2.151,2.214,2.418,2.777
2.02,2.03,2.058,2.125,2.195,2.407,2.775
2.02,2.03,2.058,2.121,2.187,2.39,2.762
2.02,2.03,2.058,2.115,2.18,2.37,2.745
2.02,2.03,2.058,2.115,2.182,2.37,2.741
2.02,2.03,2.055,2.096,2.155,2.345,2.715
2.02,2.03,2.06,2.103,2.166,2.357,2.73
2.02,2.03,2.042,2.062,2.122,2.302,2.675
2.02,2.02,2.035,2.05,2.103,2.28,2.65
2.01,2.02,2.03,2.044,2.097,2.27,2.637
2.03,2.03,2.04,2.061,2.115,2.282,2.649
2.02,2.02,2.027,2.035,2.077,2.23,2.59
2.02,2.03,2.028,2.037,2.082,2.232,2.587
2.02,2.03,2.03,2.073,2.077,2.257,2.605
2.03,2.04,2.048,2.116,2.117,2.33,2.682
2.04,2.05,2.063,2.147,2.165,2.37,2.719
2.04,2.05,2.067,2.145,2.166,2.37,2.724
2.07,2.08,2.1,2.194,2.226,2.45,2.81
2.07,2.07,2.083,2.151,2.171,2.397,2.75
2.07,2.08,2.087,2.165,2.177,2.41,2.766
2.06,2.07,2.065,2.115,2.122,2.345,2.695
2.06,2.06,2.065,2.105,2.109,2.327,2.696
2.07,2.07,2.077,2.114,2.133,2.341,2.69
2.07,2.07,2.075,2.108,2.127,2.322,2.662
2.08,2.09,2.095,2.15,2.17,2.36,2.695
2.09,2.09,2.1,2.162,2.192,2.385,2.727
2.08,2.09,2.095,2.15,2.18,2.37,2.717
2.08,2.08,2.09,2.136,2.159,2.332,2.666
2.08,2.08,2.093,2.135,2.16,2.332,2.67
2.08,2.08,2.09,2.127,2.145,2.307,2.649
2.08,2.09,2.097,2.142,2.16,2.317,2.65
2.08,2.08,2.09,2.124,2.132,2.292,2.61
2.07,2.07,2.072,2.092,2.096,2.285,2.605
2.06,2.07,2.072,2.107,2.135,2.32,2.656
2.05,2.05,2.057,2.086,2.115,2.287,2.617
2.02,2.02,2.028,2.046,2.08,2.235,2.555
2.01,2.02,2.025,2.045,2.077,2.235,2.557
2.01,2.01,2.019,2.042,2.071,2.224,2.55
2,2.01,2.015,2.031,2.056,2.221,2.535
1.97,1.97,1.984,1.99,2.006,2.152,2.45
1.97,1.97,1.986,2.001,2.02,2.156,2.433
1.94,1.94,1.947,1.957,1.975,2.083,2.37
1.98,1.98,1.986,2.017,2.038,2.168,2.451
1.97,1.97,1.973,2.002,2.015,2.101,2.347
1.97,1.97,1.972,2.026,2.04,2.13,2.382
1.96,1.96,1.962,2.017,2.032,2.122,2.36
1.96,1.97,1.972,2.027,2.047,2.147,2.375
1.96,1.97,1.978,2.037,2.06,2.17,2.4
1.97,1.97,1.977,2.004,2.03,2.13,2.332
1.97,1.97,1.979,1.996,2.025,2.11,2.3
1.98,1.99,1.994,2.01,2.03,2.106,2.297
1.98,1.98,1.984,1.992,2.005,2.077,2.257
1.98,1.98,1.982,1.986,1.996,2.07,2.23
1.98,1.98,1.97,1.969,1.969,2.047,2.24
1.98,1.98,1.967,1.978,1.985,2.055,2.245
1.95,1.95,1.938,1.935,1.937,2.007,2.21
1.96,1.95,1.94,1.947,1.957,2.035,2.242
1.95,1.95,1.938,1.957,1.975,2.057,2.277
1.95,1.94,1.928,1.942,1.96,2.05,2.267
1.95,1.94,1.938,1.952,1.975,2.075,2.292
1.99,1.98,1.98,2.031,2.06,2.155,2.354
1.99,1.99,1.987,2.025,2.05,2.147,2.356
1.99,2,2.003,2.05,2.07,2.172,2.405
1.99,1.99,1.995,2.03,2.05,2.155,2.397
2,2.01,2.02,2.074,2.095,2.222,2.48
2,2.01,2.013,2.045,2.055,2.147,2.38
2,2.01,2.013,2.05,2.067,2.17,2.427
2,2.01,2.013,2.047,2.067,2.175,2.437
2,2,2.005,2.027,2.04,2.13,2.375
2,2,2.005,2.027,2.04,2.123,2.365
2,2,2.003,2.023,2.035,2.107,2.355
1.98,1.98,1.983,1.99,2,2.077,2.335
1.97,1.97,1.97,1.975,1.99,2.087,2.352
1.96,1.96,1.96,1.965,1.98,2.09,2.37
1.95,1.95,1.95,1.952,1.975,2.071,2.355
1.92,1.92,1.92,1.92,1.945,2.04,2.332
1.9,1.9,1.9,1.9,1.922,2.057,2.375
1.89,1.89,1.893,1.914,1.94,2.077,2.387
1.85,1.85,1.862,1.885,1.91,2.012,2.315
1.8,1.8,1.82,1.865,1.9,2.03,2.35
1.77,1.78,1.793,1.825,1.866,2.013,2.357
1.76,1.77,1.785,1.827,1.857,1.985,2.312
1.75,1.76,1.783,1.84,1.871,1.99,2.315
1.75,1.76,1.782,1.826,1.85,1.97,2.27
1.75,1.76,1.772,1.805,1.825,1.925,2.21
1.75,1.76,1.76,1.782,1.8,1.903,2.207
1.75,1.76,1.76,1.777,1.795,1.893,2.197
1.75,1.76,1.76,1.775,1.795,1.89,2.191
1.75,1.75,1.755,1.757,1.777,1.867,2.165
1.75,1.75,1.755,1.762,1.777,1.87,2.177
1.75,1.75,1.754,1.757,1.77,1.85,2.175
1.74,1.74,1.735,1.73,1.74,1.82,2.15
1.72,1.72,1.707,1.706,1.717,1.802,2.157
1.71,1.71,1.695,1.707,1.722,1.802,2.147
1.71,1.7,1.69,1.7,1.715,1.792,2.11
1.71,1.7,1.688,1.7,1.712,1.8,2.085
1.7,1.7,1.687,1.694,1.71,1.793,2.065
1.7,1.7,1.687,1.697,1.722,1.812,2.105
1.7,1.7,1.69,1.701,1.727,1.825,2.115
1.67,1.67,1.665,1.675,1.695,1.777,2.062
1.67,1.67,1.67,1.69,1.717,1.8,2.075
1.68,1.68,1.68,1.702,1.732,1.835,2.107
1.68,1.68,1.68,1.706,1.73,1.841,2.121
1.68,1.68,1.68,1.7,1.717,1.826,2.127
1.68,1.68,1.68,1.7,1.72,1.837,2.155
1.67,1.67,1.667,1.676,1.692,1.802,2.115
1.67,1.67,1.667,1.678,1.695,1.813,2.147
1.67,1.67,1.672,1.69,1.707,1.829,2.17
1.67,1.67,1.672,1.691,1.713,1.835,2.177
1.68,1.68,1.685,1.715,1.742,1.9,2.265
1.69,1.69,1.705,1.752,1.782,1.937,2.295
1.7,1.7,1.715,1.757,1.789,1.942,2.287
1.72,1.73,1.749,1.79,1.829,2.007,2.367
1.72,1.73,1.752,1.796,1.839,2.027,2.38
1.72,1.73,1.752,1.795,1.85,2.05,2.424
1.73,1.73,1.765,1.838,1.9,2.121,2.496
1.73,1.74,1.783,1.887,1.976,2.233,2.593
1.73,1.74,1.779,1.875,1.968,2.215,2.55
1.71,1.72,1.747,1.815,1.88,2.07,2.399
1.71,1.71,1.742,1.808,1.872,2.108,2.46
1.72,1.73,1.757,1.854,1.946,2.221,2.6
1.71,1.71,1.734,1.787,1.862,2.137,2.535
1.7,1.71,1.733,1.787,1.855,2.101,2.495
1.71,1.71,1.742,1.812,1.882,2.127,2.507
1.71,1.71,1.747,1.822,1.892,2.137,2.528
1.71,1.71,1.75,1.835,1.9,2.15,2.542
1.7,1.71,1.742,1.823,1.878,2.11,2.49
1.7,1.7,1.742,1.823,1.88,2.12,2.515
1.71,1.71,1.751,1.818,1.871,2.097,2.477
1.71,1.71,1.742,1.799,1.845,2.095,2.495
1.7,1.71,1.725,1.774,1.807,2.052,2.445
1.7,1.71,1.72,1.774,1.797,2.016,2.405
1.69,1.69,1.692,1.72,1.745,1.915,2.305
1.69,1.69,1.677,1.711,1.746,1.945,2.35
1.67,1.66,1.652,1.689,1.73,1.932,2.34
1.66,1.66,1.653,1.697,1.76,2.012,2.43
1.66,1.66,1.653,1.698,1.77,2.047,2.485
1.66,1.66,1.648,1.677,1.74,2.01,2.466
1.64,1.63,1.623,1.663,1.725,2.024,2.48
1.63,1.63,1.62,1.67,1.733,1.99,2.425
1.61,1.61,1.613,1.728,1.78,2.027,2.467
1.56,1.57,1.605,1.735,1.797,2.09,2.532
1.55,1.56,1.593,1.704,1.765,2.027,2.456
1.55,1.56,1.594,1.702,1.761,2.034,2.497
1.55,1.56,1.596,1.707,1.765,2.04,2.507
1.55,1.56,1.61,1.735,1.801,2.097,2.556
1.54,1.55,1.6,1.72,1.779,2.052,2.511
1.54,1.55,1.6,1.725,1.775,2.015,2.445
1.56,1.57,1.615,1.737,1.79,2.06,2.507
1.57,1.57,1.622,1.75,1.797,2.06,2.48
1.57,1.58,1.627,1.75,1.81,2.077,2.465
1.57,1.58,1.627,1.745,1.82,2.1,2.496
1.57,1.58,1.627,1.74,1.819,2.1,2.496
1.57,1.58,1.62,1.72,1.794,2.07,2.447
1.57,1.58,1.618,1.717,1.795,2.07,2.452
1.57,1.58,1.618,1.725,1.805,2.082,2.472
1.57,1.57,1.618,1.737,1.83,2.137,2.532
1.55,1.56,1.613,1.732,1.83,2.13,2.52
1.54,1.55,1.603,1.728,1.827,2.092,2.464
1.53,1.55,1.6,1.726,1.825,2.102,2.495
1.53,1.54,1.595,1.71,1.805,2.071,2.467
1.52,1.54,1.592,1.71,1.797,2.085,2.487
1.52,1.54,1.592,1.712,1.802,2.102,2.502
1.52,1.53,1.587,1.712,1.802,2.1,2.507
1.52,1.53,1.586,1.71,1.797,2.092,2.502
1.52,1.53,1.586,1.709,1.79,2.08,2.492
1.52,1.53,1.585,1.71,1.79,2.07,2.482
1.52,1.53,1.587,1.712,1.78,2.052,2.467
1.52,1.53,1.587,1.71,1.775,2.045,2.467
1.52,1.53,1.587,1.707,1.77,2.035,2.455
1.52,1.53,1.578,1.692,1.75,2.007,2.421
1.51,1.53,1.566,1.666,1.717,1.958,2.368
1.51,1.52,1.557,1.655,1.705,1.937,2.335
1.51,1.52,1.557,1.642,1.702,1.945,2.35
1.51,1.53,1.559,1.655,1.727,1.98,2.382
1.51,1.52,1.559,1.647,1.715,1.965,2.36
1.51,1.52,1.564,1.662,1.735,1.99,2.39
1.51,1.52,1.574,1.683,1.77,2.032,2.425
1.51,1.52,1.569,1.669,1.757,2.015,2.402
1.51,1.52,1.569,1.685,1.777,2.036,2.41
1.51,1.52,1.576,1.7,1.792,2.051,2.421
1.51,1.52,1.573,1.69,1.785,2.037,2.407
1.5,1.52,1.573,1.692,1.785,2.037,2.412
1.5,1.52,1.571,1.677,1.762,1.99,2.357
1.5,1.51,1.563,1.657,1.737,1.96,2.322
1.5,1.51,1.553,1.63,1.705,1.915,2.255
1.5,1.51,1.555,1.65,1.725,1.941,2.291
1.5,1.51,1.555,1.65,1.722,1.935,2.28
1.5,1.51,1.555,1.647,1.715,1.92,2.272
1.5,1.51,1.558,1.66,1.73,1.937,2.307
1.5,1.51,1.558,1.65,1.712,1.902,2.275
1.5,1.51,1.56,1.647,1.707,1.88,2.252
1.51,1.52,1.562,1.637,1.692,1.847,2.188
1.52,1.53,1.572,1.645,1.707,1.872,2.22
1.53,1.53,1.577,1.65,1.717,1.9,2.247
1.52,1.53,1.575,1.643,1.706,1.893,2.253
1.53,1.54,1.587,1.654,1.718,1.911,2.287
1.53,1.54,1.59,1.665,1.735,1.927,2.295
1.52,1.53,1.578,1.653,1.724,1.928,2.303
1.52,1.53,1.563,1.632,1.697,1.893,2.264
1.52,1.52,1.555,1.61,1.672,1.886,2.28
1.5,1.51,1.532,1.586,1.643,1.84,2.238
1.51,1.51,1.529,1.595,1.652,1.84,2.222
1.51,1.51,1.532,1.607,1.668,1.856,2.229
1.51,1.51,1.529,1.615,1.678,1.866,2.251
1.5,1.5,1.519,1.589,1.65,1.86,2.223
1.51,1.51,1.528,1.603,1.657,1.88,2.233
1.5,1.51,1.522,1.607,1.667,1.902,2.27
1.5,1.5,1.517,1.6,1.653,1.878,2.256
1.5,1.51,1.53,1.61,1.67,1.902,2.277
1.5,1.51,1.535,1.629,1.682,1.897,2.27
1.5,1.51,1.532,1.595,1.632,1.82,2.192
1.5,1.51,1.529,1.581,1.62,1.79,2.157
1.5,1.51,1.529,1.583,1.625,1.795,2.147
1.5,1.51,1.529,1.583,1.617,1.785,2.136
1.51,1.51,1.53,1.587,1.625,1.8,2.157
1.51,1.51,1.53,1.582,1.614,1.785,2.132
1.5,1.51,1.517,1.542,1.565,1.722,2.065
1.5,1.51,1.521,1.564,1.592,1.76,2.107
1.5,1.5,1.515,1.55,1.582,1.742,2.082
1.49,1.5,1.504,1.54,1.576,1.721,2.04
1.49,1.5,1.506,1.552,1.59,1.737,2.045
1.5,1.5,1.516,1.57,1.615,1.78,2.087
1.5,1.5,1.516,1.567,1.615,1.782,2.09
1.5,1.51,1.527,1.597,1.646,1.832,2.15
1.5,1.51,1.527,1.592,1.637,1.815,2.122
1.5,1.51,1.536,1.606,1.655,1.825,2.12
1.5,1.5,1.526,1.577,1.622,1.772,2.06
1.5,1.51,1.529,1.577,1.62,1.77,2.062
1.5,1.51,1.529,1.58,1.622,1.779,2.077
1.5,1.51,1.536,1.597,1.64,1.805,2.1
1.5,1.51,1.541,1.607,1.647,1.812,2.108
1.51,1.51,1.545,1.617,1.655,1.822,2.12
1.51,1.51,1.547,1.618,1.647,1.809,2.102
1.51,1.52,1.548,1.619,1.64,1.797,2.095
1.51,1.52,1.548,1.609,1.63,1.773,2.062
1.51,1.52,1.55,1.607,1.625,1.76,2.036
1.51,1.53,1.561,1.617,1.64,1.77,2.055
1.51,1.53,1.564,1.627,1.652,1.795,2.112
1.51,1.53,1.564,1.629,1.657,1.807,2.122
1.51,1.53,1.564,1.634,1.662,1.837,2.152
1.51,1.53,1.566,1.645,1.677,1.849,2.162
1.51,1.53,1.575,1.656,1.692,1.857,2.155
1.52,1.55,1.595,1.685,1.73,1.92,2.21
1.55,1.57,1.623,1.737,1.802,2.01,2.302
1.55,1.57,1.622,1.718,1.78,1.97,2.27
1.55,1.58,1.627,1.735,1.8,2,2.313
1.55,1.58,1.626,1.722,1.79,2.002,2.33
1.55,1.58,1.623,1.715,1.777,1.997,2.33
1.55,1.57,1.614,1.698,1.75,1.96,2.285
1.55,1.57,1.612,1.698,1.756,1.975,2.302
1.55,1.57,1.612,1.695,1.752,1.965,2.29
1.55,1.57,1.612,1.692,1.732,1.934,2.257
1.56,1.58,1.632,1.731,1.764,1.96,2.267
1.56,1.59,1.635,1.723,1.76,1.967,2.29
1.57,1.6,1.645,1.728,1.77,1.967,2.275
1.59,1.61,1.659,1.727,1.767,1.957,2.247
1.62,1.64,1.685,1.748,1.78,1.96,2.237
1.65,1.67,1.707,1.77,1.797,1.982,2.267
1.65,1.67,1.707,1.768,1.785,1.962,2.247
1.63,1.65,1.679,1.743,1.77,1.987,2.275
1.61,1.63,1.654,1.729,1.761,1.977,2.256
1.59,1.6,1.631,1.707,1.754,1.98,2.265
1.57,1.6,1.631,1.721,1.783,2.007,2.3
1.57,1.59,1.63,1.72,1.787,2,2.3
1.56,1.59,1.623,1.707,1.762,1.94,2.226
1.56,1.58,1.632,1.713,1.761,1.935,2.207
1.56,1.6,1.647,1.702,1.745,1.922,2.22
1.56,1.6,1.651,1.706,1.745,1.942,2.243
1.56,1.6,1.652,1.7,1.732,1.93,2.22
1.56,1.6,1.652,1.7,1.73,1.917,2.197
1.57,1.6,1.659,1.717,1.748,1.935,2.215
1.56,1.6,1.645,1.703,1.727,1.895,2.16
1.56,1.59,1.635,1.677,1.692,1.855,2.122
1.55,1.59,1.626,1.652,1.66,1.827,2.1
1.55,1.59,1.63,1.665,1.675,1.836,2.112
1.55,1.59,1.63,1.665,1.667,1.835,2.112
1.55,1.59,1.636,1.665,1.664,1.837,2.097
1.55,1.59,1.644,1.662,1.677,1.835,2.097
1.55,1.59,1.632,1.645,1.657,1.805,2.075
1.55,1.58,1.629,1.648,1.66,1.82,2.085
1.52,1.55,1.601,1.62,1.632,1.78,2.037
1.52,1.55,1.592,1.62,1.64,1.792,2.057
1.51,1.54,1.592,1.617,1.637,1.785,2.031
1.51,1.54,1.589,1.617,1.64,1.777,2.016
1.51,1.54,1.594,1.632,1.665,1.81,2.057
1.51,1.54,1.582,1.612,1.635,1.775,2.025
1.51,1.54,1.581,1.614,1.635,1.782,2.037
1.51,1.54,1.581,1.61,1.632,1.78,2.022
1.51,1.54,1.581,1.627,1.648,1.795,2.03
1.51,1.54,1.581,1.627,1.647,1.79,2.02
1.51,1.54,1.581,1.627,1.645,1.795,2.04
1.51,1.54,1.581,1.625,1.642,1.807,2.067
1.51,1.53,1.571,1.607,1.617,1.757,1.998
1.51,1.53,1.57,1.6,1.607,1.745,1.995
1.51,1.53,1.571,1.605,1.62,1.757,2.035
1.51,1.53,1.574,1.605,1.62,1.757,2.022
1.51,1.53,1.572,1.585,1.595,1.73,1.987
1.51,1.54,1.577,1.59,1.602,1.745,2.015
1.51,1.54,1.581,1.605,1.617,1.755,2.017
1.5,1.52,1.546,1.56,1.565,1.7,1.98
1.49,1.5,1.513,1.517,1.525,1.645,1.92
1.49,1.5,1.5,1.507,1.515,1.64,1.916
1.48,1.48,1.481,1.49,1.495,1.607,1.864
1.48,1.48,1.48,1.487,1.492,1.605,1.86
1.48,1.48,1.483,1.492,1.505,1.626,1.88
1.45,1.45,1.452,1.454,1.455,1.54,1.767
1.46,1.46,1.46,1.472,1.475,1.575,1.797
1.47,1.47,1.47,1.475,1.482,1.604,1.827
1.43,1.43,1.428,1.424,1.43,1.55,1.778
1.43,1.43,1.429,1.428,1.435,1.547,1.78
1.44,1.44,1.44,1.442,1.45,1.566,1.804
1.45,1.45,1.45,1.461,1.467,1.58,1.816
1.46,1.46,1.462,1.475,1.48,1.595,1.83
1.47,1.47,1.466,1.476,1.48,1.592,1.83
1.47,1.47,1.466,1.47,1.467,1.577,1.815
1.47,1.47,1.465,1.465,1.462,1.565,1.797
1.47,1.47,1.465,1.465,1.452,1.55,1.775
1.46,1.46,1.462,1.456,1.455,1.555,1.787
1.46,1.46,1.464,1.46,1.465,1.576,1.827
1.47,1.47,1.477,1.497,1.505,1.615,1.875
1.47,1.47,1.485,1.51,1.52,1.63,1.877
1.47,1.47,1.485,1.495,1.5,1.612,1.865
1.47,1.47,1.478,1.477,1.48,1.597,1.842
1.46,1.46,1.456,1.457,1.47,1.6,1.85
1.47,1.47,1.485,1.49,1.5,1.617,1.86
1.49,1.49,1.519,1.543,1.547,1.672,1.922
1.49,1.5,1.52,1.532,1.53,1.66,1.915
1.49,1.5,1.526,1.537,1.532,1.657,1.904
1.5,1.51,1.535,1.549,1.545,1.668,1.91
1.5,1.51,1.527,1.527,1.515,1.622,1.857
1.5,1.51,1.525,1.511,1.499,1.602,1.832
1.51,1.52,1.526,1.51,1.497,1.597,1.83
1.51,1.52,1.533,1.525,1.512,1.612,1.846
1.51,1.52,1.529,1.524,1.51,1.62,1.867
1.51,1.52,1.524,1.515,1.497,1.61,1.85
1.51,1.52,1.524,1.51,1.487,1.597,1.832
1.51,1.52,1.517,1.5,1.476,1.585,1.832
1.5,1.5,1.489,1.47,1.45,1.555,1.795
1.5,1.5,1.488,1.472,1.45,1.552,1.782
1.5,1.5,1.482,1.472,1.446,1.552,1.795
1.5,1.5,1.478,1.467,1.447,1.55,1.795
1.49,1.49,1.467,1.456,1.441,1.535,1.765
1.49,1.49,1.467,1.462,1.452,1.545,1.786
1.49,1.49,1.471,1.47,1.46,1.55,1.787
1.49,1.49,1.479,1.48,1.467,1.562,1.801
1.49,1.49,1.479,1.475,1.46,1.565,1.795
1.49,1.49,1.49,1.48,1.466,1.567,1.792
1.49,1.49,1.49,1.48,1.462,1.563,1.787
1.5,1.5,1.508,1.512,1.502,1.605,1.842
1.5,1.5,1.508,1.51,1.492,1.597,1.838
1.5,1.51,1.519,1.522,1.512,1.615,1.847
1.5,1.51,1.519,1.512,1.5,1.6,1.837
1.5,1.5,1.502,1.493,1.47,1.565,1.8
1.5,1.5,1.51,1.504,1.482,1.582,1.825
1.5,1.5,1.504,1.496,1.472,1.58,1.83
1.5,1.5,1.491,1.475,1.455,1.57,1.832
1.49,1.5,1.476,1.465,1.45,1.56,1.812
1.49,1.5,1.479,1.467,1.455,1.557,1.81
1.49,1.49,1.477,1.462,1.45,1.552,1.8
1.49,1.49,1.477,1.465,1.452,1.55,1.795
1.49,1.49,1.477,1.467,1.46,1.565,1.807
1.48,1.48,1.462,1.452,1.445,1.552,1.795
1.47,1.47,1.447,1.44,1.432,1.535,1.774
1.45,1.45,1.429,1.42,1.412,1.52,1.767
1.45,1.45,1.427,1.412,1.409,1.52,1.769
1.45,1.45,1.432,1.42,1.418,1.52,1.765
1.45,1.45,1.435,1.427,1.422,1.52,1.762
1.46,1.46,1.454,1.45,1.442,1.532,1.765
1.46,1.46,1.466,1.455,1.445,1.537,1.772
1.47,1.47,1.48,1.467,1.455,1.55,1.79
1.47,1.48,1.491,1.482,1.472,1.567,1.797
1.48,1.49,1.503,1.5,1.49,1.587,1.827
1.48,1.48,1.492,1.482,1.47,1.565,1.8
1.48,1.48,1.496,1.482,1.467,1.562,1.797
1.47,1.48,1.485,1.47,1.442,1.537,1.767
1.48,1.49,1.495,1.482,1.46,1.554,1.787
1.48,1.49,1.495,1.487,1.467,1.557,1.79
1.48,1.49,1.495,1.487,1.465,1.55,1.775
1.49,1.5,1.511,1.512,1.5,1.587,1.812
1.49,1.49,1.508,1.51,1.495,1.582,1.81
1.45,1.45,1.455,1.452,1.435,1.525,1.755
1.45,1.45,1.456,1.452,1.44,1.53,1.762
1.45,1.45,1.445,1.432,1.42,1.512,1.737
1.43,1.43,1.423,1.413,1.402,1.492,1.715
1.42,1.41,1.4,1.388,1.375,1.465,1.695
1.3,1.32,1.34,1.35,1.342,1.42,1.652
1.29,1.31,1.335,1.342,1.322,1.42,1.652
1.29,1.31,1.33,1.328,1.31,1.391,1.615
1.29,1.31,1.347,1.352,1.336,1.415,1.632
1.3,1.32,1.354,1.352,1.334,1.41,1.62
1.3,1.32,1.352,1.337,1.317,1.382,1.575
1.31,1.33,1.366,1.35,1.332,1.4,1.597
1.31,1.34,1.381,1.377,1.357,1.432,1.64
1.31,1.34,1.374,1.362,1.342,1.411,1.615
1.32,1.35,1.383,1.375,1.352,1.422,1.635
1.32,1.35,1.374,1.36,1.332,1.405,1.625
1.27,1.29,1.309,1.277,1.253,1.305,1.5
1.27,1.29,1.294,1.267,1.239,1.29,1.483
1.27,1.29,1.297,1.277,1.247,1.3,1.482
1.27,1.29,1.293,1.265,1.239,1.282,1.455
1.27,1.29,1.293,1.275,1.247,1.297,1.465
1.25,1.27,1.267,1.229,1.205,1.25,1.398
1.24,1.26,1.265,1.24,1.22,1.267,1.415
1.23,1.25,1.25,1.232,1.213,1.267,1.422
1.23,1.24,1.24,1.218,1.2,1.24,1.38
1.23,1.24,1.25,1.23,1.21,1.242,1.38
1.23,1.24,1.254,1.235,1.216,1.25,1.387
1.23,1.24,1.259,1.235,1.212,1.237,1.38
1.23,1.24,1.262,1.24,1.217,1.24,1.387
1.23,1.24,1.265,1.232,1.21,1.235,1.395
1.23,1.24,1.261,1.227,1.205,1.225,1.377
1.23,1.24,1.26,1.236,1.219,1.24,1.39
1.23,1.24,1.26,1.246,1.227,1.252,1.414
1.23,1.24,1.258,1.24,1.22,1.247,1.42
1.23,1.24,1.258,1.24,1.22,1.247,1.42
1.23,1.24,1.263,1.252,1.23,1.265,1.44
1.23,1.24,1.261,1.246,1.222,1.252,1.415
1.23,1.24,1.262,1.246,1.223,1.255,1.425
1.23,1.24,1.262,1.242,1.218,1.247,1.409
1.23,1.24,1.267,1.25,1.22,1.245,1.4
1.22,1.24,1.258,1.235,1.202,1.217,1.355
1.22,1.24,1.257,1.242,1.215,1.235,1.382
1.22,1.24,1.254,1.233,1.21,1.225,1.367
1.22,1.24,1.254,1.24,1.222,1.242,1.39
1.22,1.24,1.267,1.257,1.247,1.275,1.426
1.22,1.24,1.264,1.25,1.235,1.265,1.415
1.22,1.24,1.26,1.24,1.225,1.247,1.392
1.23,1.24,1.27,1.257,1.248,1.275,1.435
1.23,1.24,1.268,1.245,1.237,1.262,1.422
1.22,1.24,1.258,1.23,1.212,1.24,1.392
1.22,1.24,1.265,1.242,1.225,1.25,1.4
1.22,1.24,1.265,1.24,1.221,1.247,1.398
1.22,1.24,1.265,1.237,1.217,1.242,1.392
1.23,1.24,1.275,1.25,1.232,1.26,1.432
1.22,1.24,1.273,1.245,1.226,1.25,1.415
1.23,1.24,1.275,1.247,1.227,1.252,1.425
1.23,1.25,1.28,1.25,1.231,1.257,1.437
1.23,1.25,1.28,1.247,1.227,1.252,1.425
1.23,1.25,1.281,1.255,1.23,1.26,1.425
1.23,1.26,1.286,1.26,1.232,1.259,1.415
1.23,1.26,1.287,1.265,1.24,1.27,1.415
1.25,1.27,1.3,1.292,1.273,1.305,1.447
1.25,1.28,1.305,1.302,1.292,1.33,1.465
1.26,1.28,1.315,1.325,1.315,1.357,1.483
1.26,1.29,1.324,1.34,1.33,1.382,1.525
1.26,1.28,1.319,1.328,1.32,1.37,1.522
1.26,1.28,1.313,1.315,1.302,1.35,1.505
1.26,1.28,1.311,1.317,1.3,1.347,1.51
1.25,1.28,1.3,1.295,1.272,1.315,1.462
1.25,1.28,1.301,1.305,1.287,1.325,1.462
1.25,1.29,1.332,1.345,1.325,1.372,1.508
1.26,1.3,1.347,1.365,1.35,1.402,1.562
1.27,1.3,1.347,1.365,1.35,1.402,1.565
1.27,1.31,1.353,1.37,1.348,1.412,1.591
1.27,1.31,1.353,1.355,1.327,1.382,1.565
1.27,1.31,1.356,1.352,1.322,1.379,1.585
1.27,1.31,1.348,1.325,1.292,1.32,1.515
1.27,1.31,1.354,1.333,1.302,1.332,1.502
1.27,1.32,1.362,1.342,1.302,1.335,1.485
1.27,1.32,1.363,1.349,1.307,1.345,1.495
1.27,1.33,1.365,1.344,1.3,1.335,1.467
1.27,1.32,1.358,1.33,1.282,1.315,1.445
1.26,1.31,1.343,1.298,1.25,1.27,1.424
1.26,1.31,1.343,1.325,1.277,1.29,1.46
1.27,1.32,1.358,1.357,1.315,1.335,1.515
1.27,1.32,1.36,1.362,1.32,1.345,1.541
1.27,1.33,1.365,1.364,1.32,1.342,1.53
1.28,1.33,1.368,1.38,1.345,1.385,1.56
1.28,1.34,1.376,1.391,1.365,1.427,1.614
1.28,1.33,1.367,1.371,1.337,1.4,1.585
1.28,1.33,1.355,1.355,1.315,1.362,1.537
1.28,1.33,1.357,1.357,1.318,1.37,1.557
1.28,1.33,1.369,1.386,1.355,1.437,1.635
1.29,1.34,1.368,1.378,1.346,1.422,1.61
1.29,1.34,1.374,1.385,1.35,1.425,1.618
1.29,1.34,1.375,1.39,1.35,1.422,1.612
1.31,1.35,1.397,1.423,1.385,1.455,1.637
1.31,1.36,1.399,1.42,1.375,1.427,1.597
1.32,1.37,1.411,1.445,1.397,1.455,1.632
1.32,1.37,1.422,1.465,1.427,1.472,1.645
1.32,1.38,1.42,1.456,1.41,1.475,1.665
1.32,1.38,1.427,1.481,1.45,1.532,1.722
1.32,1.38,1.417,1.465,1.43,1.497,1.68
1.32,1.38,1.421,1.477,1.45,1.53,1.731
1.32,1.38,1.414,1.46,1.427,1.5,1.69
1.32,1.38,1.417,1.465,1.432,1.5,1.677
1.32,1.38,1.424,1.468,1.438,1.527,1.71
1.32,1.38,1.424,1.455,1.43,1.53,1.719
1.32,1.38,1.423,1.45,1.422,1.512,1.705
1.3,1.36,1.405,1.414,1.385,1.468,1.65
1.32,1.37,1.428,1.473,1.47,1.6,1.835
1.33,1.38,1.459,1.51,1.52,1.68,1.95
1.38,1.44,1.519,1.632,1.66,1.845,2.115
1.38,1.44,1.515,1.614,1.64,1.8,2.055
1.43,1.49,1.564,1.695,1.745,1.896,2.145
1.43,1.49,1.549,1.641,1.68,1.815,2.05
1.46,1.53,1.59,1.688,1.742,1.881,2.136
1.48,1.54,1.609,1.691,1.735,1.88,2.13
1.49,1.55,1.627,1.72,1.75,1.898,2.15
1.51,1.58,1.652,1.731,1.758,1.89,2.13
1.57,1.63,1.715,1.804,1.83,1.965,2.195
1.58,1.64,1.722,1.796,1.822,1.967,2.185
1.55,1.61,1.682,1.746,1.748,1.912,2.14
1.54,1.6,1.66,1.712,1.71,1.907,2.138
1.53,1.58,1.647,1.71,1.722,1.911,2.15
1.5,1.57,1.626,1.69,1.725,1.928,2.2
1.47,1.54,1.608,1.705,1.76,1.99,2.26
1.44,1.51,1.583,1.678,1.72,1.915,2.182
1.43,1.5,1.596,1.695,1.737,1.93,2.2
1.4,1.49,1.59,1.688,1.731,1.917,2.192
1.38,1.47,1.575,1.651,1.709,1.887,2.157
1.38,1.47,1.576,1.666,1.735,1.93,2.2
1.36,1.45,1.562,1.692,1.716,1.96,2.255
1.34,1.44,1.553,1.64,1.662,1.885,2.2
1.33,1.43,1.543,1.615,1.645,1.831,2.12
1.33,1.44,1.568,1.657,1.695,1.885,2.185
1.33,1.44,1.568,1.655,1.685,1.86,2.16
1.33,1.44,1.567,1.677,1.707,1.88,2.177
1.32,1.44,1.58,1.695,1.725,1.885,2.177
1.32,1.43,1.57,1.667,1.682,1.825,2.102
1.32,1.44,1.571,1.65,1.647,1.795,2.1
1.34,1.46,1.589,1.665,1.663,1.815,2.115
1.34,1.47,1.592,1.665,1.665,1.82,2.115
1.33,1.46,1.59,1.657,1.658,1.83,2.122
1.32,1.45,1.571,1.645,1.645,1.81,2.087
1.32,1.45,1.562,1.635,1.64,1.807,2.092
1.3,1.43,1.542,1.602,1.624,1.78,2.047
1.28,1.41,1.512,1.597,1.627,1.79,2.071
1.27,1.39,1.493,1.589,1.627,1.802,2.094
1.26,1.37,1.473,1.56,1.6,1.77,2.057
1.27,1.37,1.49,1.596,1.64,1.811,2.102
1.27,1.38,1.497,1.612,1.663,1.85,2.137
1.27,1.37,1.49,1.59,1.642,1.827,2.104
1.27,1.37,1.491,1.595,1.657,1.837,2.13
1.26,1.36,1.481,1.567,1.617,1.782,2.057
1.26,1.36,1.482,1.57,1.622,1.792,2.085
1.26,1.36,1.48,1.582,1.635,1.817,2.12
1.26,1.35,1.473,1.582,1.63,1.807,2.105
1.26,1.35,1.472,1.597,1.646,1.83,2.122
1.26,1.36,1.479,1.612,1.67,1.87,2.165
1.26,1.36,1.472,1.6,1.652,1.835,2.12
1.27,1.36,1.472,1.595,1.645,1.837,2.127
1.28,1.37,1.473,1.587,1.627,1.807,2.102
1.29,1.38,1.491,1.605,1.647,1.822,2.13
1.3,1.39,1.501,1.647,1.697,1.88,2.187
1.29,1.38,1.493,1.632,1.672,1.85,2.155
1.29,1.38,1.488,1.64,1.687,1.875,2.172
1.27,1.36,1.469,1.619,1.672,1.863,2.16
1.27,1.36,1.47,1.617,1.68,1.882,2.18
1.27,1.35,1.46,1.6,1.66,1.857,2.16
1.27,1.35,1.456,1.585,1.647,1.842,2.142
1.27,1.35,1.455,1.575,1.644,1.827,2.125
1.27,1.35,1.459,1.585,1.657,1.842,2.14
1.27,1.35,1.459,1.585,1.657,1.84,2.141
1.27,1.35,1.459,1.59,1.662,1.85,2.155
1.27,1.35,1.458,1.582,1.647,1.835,2.133
1.27,1.35,1.462,1.595,1.655,1.852,2.15
1.27,1.35,1.458,1.587,1.655,1.847,2.142
1.27,1.35,1.455,1.586,1.652,1.847,2.14
1.27,1.35,1.455,1.6,1.667,1.875,2.185
1.27,1.35,1.453,1.597,1.665,1.885,2.202
1.27,1.35,1.453,1.615,1.69,1.922,2.242
1.27,1.35,1.451,1.598,1.662,1.87,2.191
1.28,1.35,1.457,1.6,1.662,1.86,2.172
1.28,1.35,1.456,1.6,1.665,1.852,2.16
1.28,1.35,1.453,1.6,1.667,1.852,2.157
1.28,1.35,1.463,1.629,1.71,1.91,2.222
1.28,1.36,1.463,1.62,1.707,1.905,2.22
1.29,1.36,1.468,1.635,1.737,1.935,2.248
1.31,1.38,1.488,1.677,1.79,2,2.32
1.31,1.39,1.496,1.665,1.775,1.982,2.297
1.32,1.4,1.499,1.67,1.79,2,2.321
1.32,1.4,1.49,1.656,1.767,1.977,2.307
1.32,1.4,1.481,1.635,1.757,1.981,2.29
1.31,1.4,1.483,1.629,1.755,1.992,2.292
1.32,1.4,1.487,1.634,1.755,1.967,2.265
1.32,1.4,1.475,1.596,1.69,1.877,2.177
1.32,1.4,1.475,1.587,1.667,1.858,2.167
1.32,1.4,1.478,1.595,1.675,1.872,2.192
1.32,1.39,1.476,1.595,1.672,1.872,2.191
1.32,1.39,1.481,1.592,1.66,1.845,2.145
1.32,1.39,1.481,1.595,1.665,1.855,2.152
1.32,1.4,1.486,1.605,1.68,1.882,2.185
1.32,1.39,1.478,1.588,1.65,1.845,2.152
1.32,1.39,1.475,1.59,1.66,1.855,2.165
1.31,1.39,1.47,1.583,1.656,1.845,2.162
1.31,1.38,1.467,1.583,1.657,1.852,2.184
1.31,1.38,1.464,1.584,1.67,1.852,2.187
1.3,1.37,1.456,1.574,1.657,1.826,2.167
1.3,1.37,1.449,1.565,1.647,1.805,2.13
1.3,1.36,1.449,1.568,1.65,1.82,2.132
1.3,1.37,1.449,1.583,1.675,1.87,2.184
1.3,1.37,1.449,1.584,1.68,1.88,2.197
1.3,1.37,1.459,1.614,1.719,1.927,2.249
1.3,1.37,1.458,1.591,1.69,1.885,2.2
1.3,1.37,1.458,1.585,1.687,1.882,2.207
1.3,1.37,1.462,1.579,1.672,1.852,2.175
1.3,1.37,1.464,1.579,1.675,1.855,2.184
1.3,1.37,1.466,1.583,1.67,1.847,2.175
1.31,1.37,1.465,1.584,1.675,1.847,2.17
1.31,1.37,1.468,1.585,1.67,1.84,2.142
1.31,1.37,1.47,1.591,1.67,1.835,2.14
1.31,1.37,1.473,1.604,1.684,1.857,2.167
1.31,1.38,1.476,1.611,1.695,1.88,2.202
1.31,1.37,1.47,1.598,1.675,1.862,2.192
1.31,1.37,1.463,1.592,1.68,1.87,2.2
1.31,1.36,1.454,1.579,1.67,1.86,2.195
1.31,1.36,1.449,1.578,1.67,1.862,2.192
1.3,1.35,1.444,1.585,1.685,1.897,2.237
1.3,1.35,1.44,1.58,1.682,1.884,2.212
1.29,1.35,1.445,1.593,1.7,1.912,2.237
1.29,1.34,1.456,1.611,1.732,1.958,2.3
1.29,1.34,1.452,1.594,1.725,1.952,2.307
1.28,1.33,1.443,1.578,1.707,1.939,2.292
1.27,1.33,1.443,1.578,1.71,1.942,2.302
1.27,1.33,1.444,1.589,1.717,1.945,2.305
1.27,1.32,1.438,1.568,1.682,1.897,2.247
1.27,1.32,1.438,1.57,1.68,1.892,2.245
1.27,1.32,1.438,1.568,1.665,1.867,2.232
1.27,1.32,1.448,1.586,1.685,1.905,2.272
1.27,1.32,1.448,1.583,1.675,1.89,2.247
1.27,1.33,1.453,1.594,1.69,1.912,2.265
1.27,1.33,1.451,1.584,1.677,1.897,2.245
1.28,1.33,1.452,1.58,1.674,1.89,2.235
1.28,1.33,1.452,1.57,1.67,1.887,2.245
1.27,1.32,1.449,1.563,1.657,1.87,2.225
1.27,1.32,1.449,1.571,1.667,1.89,2.237
1.27,1.32,1.439,1.556,1.64,1.857,2.21
1.27,1.31,1.435,1.55,1.625,1.842,2.197
1.27,1.32,1.433,1.545,1.617,1.832,2.175
1.28,1.32,1.429,1.55,1.622,1.83,2.157
1.28,1.32,1.425,1.553,1.635,1.855,2.172
1.28,1.32,1.42,1.548,1.63,1.847,2.17
1.29,1.32,1.448,1.62,1.695,1.905,2.215
1.29,1.32,1.438,1.6,1.655,1.862,2.175
1.29,1.32,1.443,1.62,1.682,1.87,2.162
1.29,1.32,1.446,1.622,1.68,1.85,2.125
1.29,1.32,1.457,1.63,1.697,1.87,2.159
1.29,1.32,1.456,1.612,1.682,1.855,2.155
1.29,1.32,1.457,1.62,1.682,1.848,2.14
1.29,1.32,1.462,1.627,1.69,1.857,2.135
1.29,1.32,1.468,1.647,1.702,1.872,2.135
1.29,1.33,1.473,1.638,1.685,1.855,2.13
1.3,1.33,1.473,1.637,1.685,1.852,2.122
1.3,1.33,1.469,1.635,1.677,1.85,2.115
1.31,1.34,1.481,1.658,1.705,1.9,2.18
1.31,1.34,1.48,1.648,1.695,1.895,2.192
1.3,1.33,1.465,1.633,1.7,1.902,2.212
1.3,1.33,1.468,1.644,1.715,1.917,2.23
1.3,1.33,1.466,1.659,1.737,1.945,2.267
1.29,1.33,1.465,1.67,1.745,1.96,2.277
1.29,1.32,1.464,1.672,1.752,1.975,2.282
1.28,1.32,1.472,1.69,1.777,1.997,2.317
1.28,1.31,1.468,1.665,1.753,1.962,2.282
1.28,1.31,1.468,1.675,1.762,1.962,2.277
1.27,1.3,1.466,1.67,1.762,1.96,2.275
1.27,1.3,1.462,1.657,1.747,1.937,2.242
1.27,1.3,1.462,1.655,1.745,1.94,2.247
1.27,1.3,1.462,1.659,1.752,1.962,2.28
1.26,1.29,1.459,1.659,1.747,1.945,2.26
1.26,1.29,1.459,1.66,1.747,1.945,2.257
1.26,1.29,1.459,1.65,1.737,1.932,2.235
1.26,1.29,1.459,1.642,1.722,1.917,2.22
1.26,1.29,1.457,1.64,1.717,1.912,2.22
1.26,1.29,1.434,1.626,1.707,1.905,2.21
1.26,1.29,1.428,1.632,1.725,1.927,2.24
1.26,1.29,1.419,1.617,1.712,1.907,2.217
1.25,1.28,1.404,1.615,1.715,1.92,2.225
1.25,1.28,1.399,1.615,1.72,1.925,2.227
1.25,1.28,1.395,1.62,1.73,1.95,2.26
1.25,1.28,1.39,1.615,1.73,1.947,2.247
1.25,1.27,1.388,1.615,1.736,1.951,2.252
1.25,1.27,1.39,1.617,1.742,1.947,2.253
1.25,1.28,1.398,1.645,1.775,1.98,2.292
1.25,1.28,1.419,1.675,1.802,2.002,2.307
1.25,1.29,1.454,1.71,1.83,2.032,2.332
1.25,1.29,1.459,1.697,1.811,2.015,2.315
1.25,1.29,1.474,1.697,1.802,2,2.295
1.25,1.3,1.481,1.707,1.807,2.003,2.303
1.25,1.3,1.496,1.72,1.82,2.025,2.332
1.25,1.3,1.496,1.702,1.791,2.005,2.317
1.25,1.3,1.489,1.694,1.782,2,2.317
1.25,1.3,1.489,1.704,1.787,1.997,2.307
1.25,1.3,1.492,1.721,1.802,2.01,2.307
1.25,1.3,1.496,1.711,1.795,1.997,2.292
1.25,1.3,1.5,1.716,1.8,1.997,2.292
1.25,1.3,1.484,1.682,1.752,1.96,2.252
1.25,1.3,1.484,1.685,1.76,1.962,2.25
1.25,1.3,1.489,1.69,1.77,1.975,2.255
1.25,1.29,1.472,1.67,1.75,1.96,2.25
1.25,1.29,1.466,1.662,1.747,1.967,2.267
1.25,1.29,1.45,1.657,1.747,1.967,2.277
1.25,1.29,1.451,1.687,1.778,1.997,2.303
1.24,1.29,1.44,1.685,1.777,1.995,2.305
1.24,1.28,1.436,1.684,1.777,1.984,2.28
1.24,1.28,1.427,1.685,1.777,1.972,2.267
1.24,1.28,1.435,1.665,1.752,1.94,2.235
1.24,1.28,1.435,1.673,1.757,1.955,2.252
1.24,1.28,1.44,1.67,1.752,1.952,2.247
1.24,1.29,1.444,1.66,1.74,1.94,2.237
1.24,1.3,1.456,1.656,1.737,1.945,2.243
1.24,1.3,1.458,1.654,1.737,1.95,2.25
1.24,1.3,1.468,1.662,1.74,1.957,2.267
1.24,1.31,1.478,1.697,1.78,1.992,2.293
1.24,1.31,1.475,1.687,1.77,1.975,2.275
1.24,1.31,1.478,1.695,1.78,1.98,2.28
1.24,1.3,1.476,1.696,1.775,1.967,2.262
1.24,1.3,1.461,1.706,1.79,1.982,2.272
1.25,1.31,1.47,1.74,1.832,2.025,2.31
1.28,1.35,1.517,1.788,1.889,2.088,2.385
1.28,1.35,1.531,1.791,1.89,2.095,2.405
1.28,1.35,1.529,1.789,1.887,2.077,2.37
1.29,1.37,1.559,1.829,1.942,2.14,2.417
1.29,1.38,1.564,1.81,1.922,2.13,2.419
1.29,1.38,1.576,1.792,1.895,2.1,2.38
1.29,1.38,1.589,1.803,1.912,2.115,2.39
1.3,1.39,1.609,1.817,1.935,2.135,2.405
1.3,1.4,1.614,1.826,1.946,2.145,2.4
1.31,1.4,1.62,1.813,1.932,2.14,2.392
1.33,1.47,1.701,1.889,2.01,2.211,2.425
1.36,1.52,1.761,1.977,2.087,2.305,2.47
1.35,1.5,1.731,1.938,2.026,2.261,2.447
1.34,1.49,1.724,1.969,2.065,2.301,2.457
1.34,1.49,1.733,2.015,2.11,2.347,2.506
1.36,1.52,1.788,2.095,2.187,2.42,2.55
1.35,1.51,1.788,2.08,2.16,2.405,2.535
1.35,1.51,1.8,2.076,2.138,2.39,2.52
1.36,1.51,1.814,2.102,2.17,2.402,2.575
1.35,1.5,1.798,2.064,2.135,2.365,2.543
1.35,1.5,1.784,2.048,2.12,2.35,2.52
1.35,1.5,1.767,2.062,2.145,2.38,2.532
1.35,1.49,1.762,2.067,2.156,2.39,2.555
1.35,1.49,1.75,2.049,2.13,2.355,2.537
1.36,1.5,1.754,2.063,2.145,2.355,2.532
1.38,1.52,1.763,2.064,2.146,2.345,2.54
1.4,1.54,1.775,2.079,2.157,2.352,2.57
1.42,1.55,1.785,2.094,2.177,2.38,2.587
1.43,1.56,1.792,2.112,2.206,2.415,2.607
1.45,1.58,1.802,2.093,2.17,2.375,2.567
1.47,1.6,1.825,2.106,2.19,2.387,2.575
1.47,1.59,1.822,2.09,2.172,2.381,2.57
1.47,1.59,1.816,2.069,2.152,2.357,2.545
1.47,1.59,1.818,2.076,2.16,2.362,2.545
1.47,1.6,1.828,2.077,2.165,2.36,2.54
1.47,1.6,1.828,2.07,2.14,2.327,2.522
1.48,1.61,1.843,2.078,2.167,2.35,2.54
1.48,1.61,1.848,2.066,2.145,2.337,2.53
1.48,1.61,1.846,2.049,2.13,2.32,2.49
1.49,1.61,1.848,2.028,2.105,2.3,2.477
1.51,1.61,1.841,1.993,2.073,2.262,2.477
1.52,1.61,1.828,1.971,2.077,2.27,2.485
1.51,1.61,1.825,1.976,2.082,2.267,2.482
1.52,1.61,1.835,2.004,2.115,2.3,2.505
1.52,1.61,1.833,1.988,2.09,2.277,2.47
1.52,1.61,1.833,1.988,2.095,2.287,2.485
1.52,1.6,1.833,1.984,2.095,2.293,2.487
1.51,1.58,1.828,2.04,2.085,2.3,2.48
1.5,1.58,1.814,2.022,2.075,2.28,2.455
1.5,1.58,1.819,2.025,2.075,2.267,2.455
1.5,1.59,1.829,2.042,2.082,2.27,2.45
1.51,1.6,1.849,2.04,2.071,2.252,2.43
1.51,1.61,1.864,2.055,2.088,2.272,2.433
1.51,1.61,1.86,2.056,2.092,2.287,2.444
1.51,1.61,1.85,2.04,2.078,2.292,2.462
1.51,1.62,1.855,2.052,2.087,2.3,2.47
1.51,1.63,1.878,2.087,2.123,2.33,2.49
1.51,1.63,1.879,2.1,2.13,2.335,2.49
1.51,1.63,1.881,2.111,2.152,2.367,2.502
1.51,1.63,1.853,2.082,2.134,2.347,2.467
1.51,1.61,1.82,2.065,2.115,2.335,2.492
1.51,1.6,1.805,2.07,2.125,2.342,2.505
1.51,1.59,1.797,2.08,2.14,2.36,2.53
1.51,1.58,1.785,2.06,2.093,2.337,2.515
1.51,1.58,1.795,2.072,2.13,2.355,2.537
1.51,1.58,1.797,2.085,2.153,2.387,2.57
1.51,1.58,1.812,2.105,2.175,2.449,2.63
1.51,1.57,1.81,2.088,2.152,2.41,2.59
1.51,1.56,1.811,2.096,2.167,2.427,2.617
1.51,1.56,1.834,2.158,2.23,2.485,2.661
1.51,1.56,1.832,2.154,2.225,2.464,2.637
1.51,1.56,1.835,2.144,2.216,2.457,2.635
1.5,1.55,1.806,2.095,2.167,2.425,2.617
1.5,1.55,1.801,2.087,2.172,2.442,2.64
1.5,1.55,1.808,2.122,2.205,2.465,2.655
1.5,1.55,1.798,2.112,2.187,2.452,2.645
1.5,1.55,1.799,2.12,2.197,2.462,2.647
1.5,1.55,1.799,2.131,2.212,2.483,2.66
1.5,1.55,1.8,2.146,2.222,2.495,2.68
1.51,1.57,1.84,2.215,2.293,2.575,2.75
1.51,1.57,1.845,2.225,2.306,2.602,2.805
1.51,1.57,1.84,2.193,2.27,2.566,2.77
1.51,1.57,1.835,2.175,2.255,2.545,2.758
1.51,1.57,1.827,2.16,2.245,2.522,2.752
1.51,1.57,1.832,2.186,2.29,2.562,2.812
1.51,1.57,1.83,2.16,2.26,2.517,2.765
1.51,1.57,1.825,2.14,2.242,2.48,2.713
1.51,1.57,1.835,2.167,2.277,2.525,2.748
1.51,1.57,1.84,2.172,2.287,2.535,2.767
1.51,1.58,1.847,2.182,2.305,2.569,2.812
1.51,1.58,1.835,2.151,2.272,2.54,2.777
1.51,1.58,1.835,2.142,2.263,2.517,2.752
1.51,1.58,1.844,2.172,2.302,2.567,2.795
1.51,1.58,1.844,2.182,2.315,2.577,2.81
1.51,1.58,1.844,2.172,2.31,2.565,2.802
1.51,1.58,1.842,2.157,2.295,2.555,2.8
1.51,1.58,1.838,2.143,2.28,2.535,2.797
1.51,1.58,1.835,2.125,2.257,2.51,2.75
1.51,1.58,1.835,2.126,2.26,2.515,2.732
1.51,1.58,1.835,2.131,2.265,2.517,2.735
1.51,1.59,1.845,2.165,2.305,2.554,2.755
1.51,1.6,1.859,2.165,2.3,2.535,2.725
1.51,1.6,1.864,2.173,2.305,2.548,2.752
1.51,1.61,1.879,2.171,2.297,2.525,2.73
1.51,1.61,1.891,2.165,2.285,2.515,2.73
1.51,1.62,1.898,2.173,2.295,2.537,2.747
1.51,1.62,1.901,2.172,2.3,2.56,2.757
1.51,1.63,1.908,2.169,2.295,2.545,2.745
1.51,1.63,1.908,2.15,2.267,2.505,2.711
1.51,1.63,1.908,2.147,2.267,2.495,2.707
1.51,1.63,1.91,2.151,2.27,2.495,2.715
1.51,1.63,1.915,2.15,2.275,2.5,2.725
1.51,1.63,1.918,2.15,2.285,2.512,2.732
1.51,1.63,1.918,2.149,2.287,2.51,2.722
1.51,1.63,1.902,2.108,2.245,2.475,2.687
1.51,1.63,1.892,2.093,2.222,2.435,2.65
1.51,1.63,1.893,2.108,2.245,2.467,2.69
1.51,1.63,1.889,2.098,2.225,2.457,2.67
1.51,1.63,1.889,2.094,2.222,2.437,2.642
1.52,1.64,1.889,2.094,2.22,2.435,2.638
1.52,1.64,1.889,2.096,2.217,2.425,2.622
1.52,1.65,1.889,2.096,2.217,2.435,2.637
1.52,1.65,1.877,2.071,2.195,2.427,2.637
1.52,1.65,1.857,2.038,2.16,2.39,2.61
1.52,1.65,1.849,2.041,2.17,2.407,2.637
1.52,1.65,1.843,2.033,2.162,2.387,2.602
1.52,1.65,1.852,2.041,2.17,2.402,2.61
1.52,1.65,1.854,2.05,2.18,2.405,2.607
1.52,1.65,1.851,2.039,2.157,2.385,2.582
1.52,1.65,1.846,2.033,2.15,2.375,2.578
1.52,1.65,1.839,2.03,2.155,2.385,2.607
1.52,1.65,1.841,2.042,2.17,2.407,2.63
1.52,1.66,1.844,2.05,2.177,2.418,2.632
1.53,1.66,1.848,2.059,2.19,2.427,2.642
1.53,1.66,1.848,2.059,2.187,2.425,2.64
1.53,1.66,1.854,2.069,2.192,2.44,2.665
1.53,1.66,1.863,2.095,2.232,2.494,2.722
1.53,1.66,1.858,2.088,2.22,2.49,2.72
1.53,1.67,1.867,2.105,2.247,2.525,2.767
1.53,1.66,1.86,2.089,2.222,2.5,2.74
1.53,1.66,1.852,2.071,2.2,2.467,2.695
1.53,1.66,1.845,2.083,2.217,2.49,2.717
1.53,1.66,1.845,2.099,2.237,2.517,2.747
1.53,1.66,1.849,2.118,2.25,2.534,2.757
1.53,1.66,1.862,2.143,2.28,2.555,2.762
1.53,1.67,1.89,2.169,2.302,2.575,2.775
1.53,1.67,1.897,2.172,2.3,2.575,2.8
1.53,1.67,1.897,2.156,2.275,2.555,2.777
1.53,1.67,1.901,2.17,2.282,2.56,2.785
1.54,1.67,1.912,2.192,2.305,2.582,2.792
1.54,1.67,1.912,2.189,2.308,2.592,2.815
1.54,1.66,1.895,2.16,2.278,2.557,2.782
1.54,1.66,1.878,2.142,2.265,2.552,2.797
1.54,1.66,1.848,2.093,2.22,2.502,2.75
1.54,1.67,1.862,2.12,2.249,2.527,2.765
1.55,1.68,1.867,2.104,2.225,2.505,2.74
1.55,1.67,1.849,2.072,2.19,2.48,2.72
1.55,1.67,1.85,2.082,2.202,2.485,2.72
1.55,1.67,1.858,2.088,2.202,2.495,2.722
1.55,1.67,1.85,2.078,2.187,2.48,2.687
1.55,1.67,1.851,2.08,2.192,2.485,2.695
1.55,1.67,1.849,2.082,2.195,2.477,2.695
1.55,1.67,1.842,2.07,2.187,2.482,2.702
1.56,1.67,1.842,2.082,2.21,2.505,2.735
1.56,1.67,1.843,2.082,2.202,2.5,2.717
1.56,1.67,1.846,2.089,2.212,2.522,2.752
1.56,1.66,1.839,2.069,2.18,2.472,2.707
1.57,1.66,1.839,2.092,2.222,2.498,2.73
1.57,1.66,1.839,2.087,2.215,2.49,2.715
1.58,1.66,1.851,2.107,2.225,2.5,2.71
1.58,1.66,1.851,2.083,2.192,2.472,2.677
1.58,1.66,1.85,2.067,2.177,2.45,2.65
1.58,1.65,1.848,2.057,2.155,2.408,2.612
1.58,1.65,1.849,2.063,2.16,2.407,2.612
1.58,1.65,1.844,2.052,2.145,2.39,2.595
1.58,1.65,1.844,2.053,2.147,2.402,2.613
1.58,1.65,1.844,2.05,2.137,2.39,2.6
1.58,1.65,1.849,2.052,2.14,2.395,2.608
1.58,1.65,1.846,2.033,2.12,2.365,2.575
1.58,1.65,1.846,2.027,2.115,2.351,2.56
1.58,1.65,1.846,2.029,2.122,2.351,2.555
1.58,1.65,1.844,2.029,2.122,2.34,2.53
1.58,1.65,1.843,2.041,2.137,2.38,2.577
1.58,1.64,1.834,2.016,2.11,2.347,2.549
1.58,1.64,1.823,1.99,2.09,2.332,2.549
1.58,1.64,1.824,1.997,2.097,2.345,2.555
1.58,1.64,1.824,2,2.105,2.355,2.557
1.58,1.64,1.817,1.986,2.092,2.34,2.55
1.57,1.64,1.803,1.952,2.047,2.292,2.507
1.58,1.66,1.852,2.002,2.09,2.33,2.547
1.58,1.66,1.854,2.011,2.102,2.34,2.557
1.58,1.66,1.844,2,2.087,2.326,2.543
1.58,1.66,1.834,2.001,2.09,2.332,2.55
1.58,1.66,1.825,1.994,2.085,2.317,2.53
1.58,1.66,1.822,1.996,2.09,2.33,2.54
1.58,1.66,1.81,1.985,2.075,2.31,2.522
1.58,1.65,1.809,1.984,2.077,2.32,2.54
1.58,1.65,1.809,1.995,2.085,2.34,2.57
1.58,1.65,1.808,1.988,2.077,2.322,2.545
1.58,1.65,1.798,1.983,2.067,2.32,2.55
1.58,1.66,1.809,2.024,2.11,2.355,2.57
1.58,1.66,1.827,2.036,2.127,2.367,2.571
1.58,1.66,1.825,2.03,2.125,2.362,2.57
1.58,1.66,1.824,2.021,2.117,2.37,2.585
1.58,1.66,1.821,2.015,2.11,2.36,2.572
1.57,1.66,1.816,2.005,2.102,2.355,2.575
1.57,1.65,1.808,1.995,2.092,2.335,2.565
1.57,1.64,1.796,1.985,2.082,2.325,2.557
1.56,1.64,1.787,1.971,2.067,2.317,2.555
1.56,1.64,1.784,1.959,2.055,2.287,2.517
1.56,1.64,1.784,1.949,2.04,2.265,2.496
1.56,1.64,1.784,1.956,2.052,2.277,2.497
1.56,1.64,1.785,1.963,2.06,2.285,2.495
1.56,1.64,1.785,1.952,2.045,2.262,2.47
1.56,1.64,1.783,1.91,1.99,2.2,2.427
1.56,1.64,1.777,1.902,1.983,2.18,2.405
1.56,1.64,1.754,1.843,1.93,2.142,2.377
1.56,1.64,1.754,1.869,1.965,2.175,2.402
1.56,1.64,1.754,1.859,1.965,2.175,2.395
1.56,1.64,1.747,1.855,1.957,2.172,2.377
1.55,1.63,1.747,1.855,1.959,2.172,2.364
1.55,1.63,1.744,1.858,1.965,2.175,2.357
1.55,1.63,1.744,1.849,1.96,2.168,2.365
1.56,1.64,1.769,1.876,1.99,2.177,2.365
1.54,1.61,1.725,1.803,1.91,2.102,2.31
1.54,1.61,1.724,1.815,1.925,2.105,2.302
1.54,1.61,1.714,1.816,1.92,2.107,2.309
1.54,1.61,1.713,1.795,1.898,2.078,2.265
1.55,1.61,1.719,1.813,1.917,2.085,2.275
1.55,1.61,1.723,1.816,1.912,2.075,2.262
1.55,1.61,1.73,1.822,1.912,2.075,2.252
1.54,1.61,1.74,1.834,1.922,2.09,2.27
1.54,1.61,1.721,1.808,1.89,2.06,2.25
1.54,1.62,1.75,1.843,1.92,2.082,2.262
1.54,1.64,1.775,1.878,1.957,2.122,2.31
1.54,1.64,1.803,1.892,1.97,2.14,2.325
1.54,1.64,1.804,1.892,1.972,2.147,2.335
1.54,1.64,1.818,1.917,1.997,2.185,2.375
1.55,1.65,1.836,1.957,2.037,2.24,2.43
1.55,1.65,1.837,1.934,2.015,2.215,2.41
1.56,1.66,1.845,1.927,2.002,2.192,2.365
1.57,1.66,1.845,1.929,2.002,2.175,2.355
1.57,1.67,1.848,1.945,2.015,2.195,2.38
1.57,1.67,1.846,1.944,2.015,2.19,2.375
1.58,1.67,1.864,1.989,2.065,2.244,2.445
1.58,1.68,1.864,1.999,2.08,2.265,2.445
1.58,1.69,1.867,2.005,2.085,2.282,2.442
1.59,1.7,1.852,1.979,2.055,2.24,2.41
1.59,1.7,1.837,1.961,2.02,2.2,2.365
1.59,1.71,1.85,1.984,2.05,2.23,2.4
1.6,1.73,1.858,1.985,2.05,2.225,2.38
1.63,1.76,1.87,1.977,2.012,2.167,2.33
1.63,1.75,1.849,1.945,1.977,2.127,2.297
1.63,1.75,1.838,1.95,1.982,2.135,2.322
1.63,1.75,1.838,1.965,2.008,2.17,2.342
1.63,1.76,1.83,1.955,1.992,2.137,2.307
1.63,1.76,1.83,1.962,2,2.135,2.302
1.63,1.76,1.839,1.959,1.987,2.102,2.272
1.63,1.76,1.839,1.95,1.97,2.08,2.252
1.61,1.73,1.788,1.863,1.882,1.979,2.16
1.62,1.74,1.803,1.91,1.932,2.045,2.222
1.62,1.74,1.803,1.91,1.942,2.075,2.245
1.62,1.73,1.799,1.906,1.94,2.08,2.252
1.62,1.74,1.812,1.937,1.98,2.115,2.28
1.61,1.73,1.804,1.934,1.977,2.103,2.272
1.61,1.72,1.799,1.939,1.981,2.115,2.292
1.6,1.72,1.785,1.918,1.96,2.08,2.25
1.6,1.72,1.785,1.918,1.962,2.082,2.25
1.6,1.71,1.782,1.917,1.953,2.06,2.225
1.6,1.71,1.779,1.915,1.946,2.045,2.21
1.6,1.71,1.78,1.908,1.935,2.05,2.207
1.6,1.71,1.78,1.899,1.922,2.042,2.197
1.6,1.72,1.788,1.915,1.94,2.07,2.23
1.6,1.72,1.794,1.922,1.945,2.058,2.22
1.6,1.72,1.798,1.915,1.94,2.042,2.197
1.61,1.73,1.809,1.92,1.94,2.047,2.205
1.61,1.74,1.823,1.929,1.947,2.05,2.21
1.62,1.75,1.829,1.926,1.935,2.04,2.205
1.63,1.76,1.834,1.903,1.912,2.007,2.165
1.63,1.75,1.817,1.898,1.915,2.01,2.17
1.62,1.75,1.804,1.886,1.907,1.992,2.151
1.63,1.75,1.804,1.897,1.915,2.002,2.152
1.63,1.75,1.8,1.875,1.887,1.975,2.114
1.75,1.77,1.806,1.88,1.895,1.975,2.11
1.75,1.78,1.815,1.904,1.917,1.992,2.127
1.75,1.78,1.815,1.903,1.912,1.975,2.092
1.75,1.78,1.815,1.887,1.89,1.925,2.035
1.75,1.78,1.807,1.838,1.837,1.88,1.982
1.75,1.77,1.77,1.815,1.83,1.887,1.997
1.75,1.75,1.753,1.818,1.801,1.874,1.977
1.75,1.75,1.745,1.809,1.792,1.88,1.983
1.75,1.75,1.743,1.815,1.796,1.905,2.007
1.75,1.75,1.757,1.821,1.793,1.915,2.02
1.74,1.75,1.752,1.813,1.777,1.885,2
1.74,1.75,1.744,1.821,1.792,1.885,2.002
1.74,1.74,1.74,1.812,1.785,1.852,1.97
1.74,1.74,1.74,1.803,1.785,1.825,1.923
1.74,1.74,1.74,1.815,1.8,1.846,1.934
1.74,1.74,1.74,1.852,1.843,1.902,1.975
1.74,1.74,1.746,1.857,1.847,1.902,1.99
1.74,1.75,1.75,1.835,1.807,1.865,1.937
1.75,1.75,1.751,1.835,1.81,1.876,1.937
1.75,1.75,1.751,1.835,1.823,1.892,1.956
1.75,1.75,1.745,1.805,1.798,1.875,1.95
1.75,1.75,1.745,1.805,1.802,1.879,1.962
1.74,1.74,1.741,1.782,1.795,1.865,1.967
1.74,1.74,1.738,1.794,1.807,1.88,1.98
1.74,1.74,1.738,1.799,1.811,1.895,1.992
1.74,1.74,1.74,1.8,1.806,1.888,1.978
1.74,1.74,1.738,1.787,1.792,1.855,1.96
1.74,1.74,1.741,1.8,1.802,1.875,1.995
1.74,1.74,1.743,1.795,1.797,1.855,1.972
1.74,1.74,1.748,1.79,1.792,1.855,1.962
1.74,1.75,1.753,1.79,1.797,1.867,1.975
1.75,1.75,1.756,1.791,1.8,1.875,1.977
1.75,1.75,1.763,1.801,1.815,1.895,2.012
1.75,1.76,1.767,1.807,1.82,1.897,2.03
1.75,1.76,1.766,1.795,1.797,1.869,1.995
1.75,1.76,1.763,1.795,1.8,1.867,1.985
1.75,1.76,1.763,1.805,1.812,1.877,1.992
1.75,1.76,1.764,1.795,1.81,1.88,2.002
1.76,1.76,1.769,1.802,1.817,1.89,2.015
1.76,1.77,1.774,1.81,1.82,1.9,2.038
1.76,1.77,1.774,1.82,1.83,1.91,2.047
1.76,1.77,1.773,1.807,1.81,1.885,1.997
1.76,1.77,1.772,1.805,1.802,1.877,1.983
1.75,1.76,1.772,1.802,1.8,1.874,1.992
1.75,1.75,1.762,1.787,1.783,1.852,1.962
1.75,1.75,1.761,1.785,1.78,1.835,1.94
1.75,1.75,1.758,1.797,1.792,1.855,1.98
1.75,1.75,1.76,1.807,1.8,1.867,1.99
1.75,1.75,1.759,1.8,1.787,1.855,1.98
1.75,1.75,1.759,1.796,1.78,1.842,1.965
1.75,1.75,1.762,1.815,1.802,1.87,1.997
1.75,1.75,1.764,1.815,1.797,1.865,1.997
1.75,1.75,1.768,1.819,1.802,1.87,1.993
1.75,1.76,1.773,1.829,1.81,1.88,2.015
1.75,1.76,1.773,1.83,1.81,1.88,2.002
1.75,1.76,1.775,1.836,1.82,1.892,2.015
1.75,1.76,1.77,1.826,1.808,1.878,1.995
1.75,1.76,1.77,1.823,1.805,1.867,1.977
1.75,1.76,1.772,1.828,1.812,1.88,1.985
1.75,1.76,1.777,1.845,1.832,1.907,2.025
1.75,1.76,1.775,1.845,1.835,1.909,2.027
1.75,1.76,1.775,1.833,1.825,1.897,2.02
1.75,1.76,1.775,1.827,1.82,1.886,2.01
1.75,1.76,1.773,1.812,1.807,1.867,1.975
1.76,1.76,1.778,1.815,1.813,1.867,1.988
1.76,1.76,1.777,1.808,1.805,1.864,1.985
1.76,1.76,1.777,1.8,1.795,1.852,1.97
1.76,1.76,1.779,1.805,1.79,1.852,1.98
1.76,1.76,1.78,1.82,1.8,1.865,1.992
1.76,1.76,1.78,1.834,1.81,1.872,1.997
1.76,1.76,1.783,1.834,1.807,1.861,1.98
1.76,1.76,1.789,1.839,1.815,1.87,1.987
1.76,1.76,1.789,1.824,1.792,1.827,1.932
1.76,1.76,1.79,1.824,1.797,1.822,1.932
1.76,1.76,1.789,1.799,1.772,1.79,1.895
1.76,1.76,1.78,1.787,1.76,1.79,1.905
1.76,1.76,1.77,1.754,1.714,1.737,1.84
1.75,1.75,1.75,1.703,1.675,1.697,1.805
1.75,1.75,1.75,1.711,1.69,1.705,1.83
1.75,1.75,1.751,1.741,1.727,1.748,1.865
1.75,1.75,1.741,1.719,1.7,1.725,1.85
1.75,1.75,1.745,1.732,1.717,1.75,1.887
1.75,1.75,1.743,1.731,1.717,1.755,1.872
1.75,1.75,1.746,1.747,1.735,1.775,1.895
1.75,1.75,1.749,1.745,1.73,1.762,1.875
1.75,1.75,1.749,1.738,1.722,1.755,1.867
1.75,1.75,1.752,1.743,1.729,1.762,1.867
1.75,1.75,1.752,1.746,1.731,1.762,1.872
1.75,1.75,1.753,1.746,1.73,1.77,1.885
1.75,1.75,1.758,1.773,1.76,1.802,1.925
1.75,1.75,1.757,1.775,1.762,1.807,1.932
1.75,1.75,1.757,1.783,1.77,1.82,1.942
1.75,1.75,1.752,1.761,1.742,1.777,1.892
1.75,1.75,1.753,1.773,1.76,1.8,1.91
1.75,1.75,1.754,1.783,1.772,1.817,1.935
1.75,1.75,1.754,1.778,1.765,1.807,1.922
1.75,1.75,1.75,1.763,1.747,1.795,1.912
1.74,1.75,1.745,1.741,1.725,1.76,1.877
1.74,1.75,1.744,1.736,1.72,1.752,1.875
1.74,1.75,1.742,1.73,1.715,1.745,1.866
1.74,1.74,1.735,1.71,1.695,1.727,1.845
1.74,1.74,1.739,1.745,1.732,1.767,1.89
1.74,1.74,1.738,1.745,1.735,1.777,1.902
1.74,1.74,1.732,1.732,1.72,1.762,1.885
1.73,1.73,1.724,1.73,1.717,1.76,1.88
1.72,1.72,1.715,1.718,1.705,1.742,1.857
1.72,1.72,1.71,1.73,1.72,1.765,1.875
1.72,1.72,1.706,1.728,1.72,1.767,1.877
1.71,1.71,1.696,1.717,1.707,1.757,1.867
1.7,1.7,1.69,1.713,1.705,1.75,1.86
1.69,1.69,1.68,1.684,1.67,1.71,1.821
1.69,1.69,1.679,1.684,1.668,1.705,1.825
1.69,1.69,1.679,1.685,1.677,1.725,1.847
1.68,1.68,1.67,1.675,1.663,1.71,1.835
1.68,1.68,1.667,1.669,1.661,1.707,1.825
1.67,1.67,1.651,1.65,1.642,1.68,1.8
1.67,1.67,1.65,1.649,1.642,1.68,1.795
1.66,1.66,1.645,1.649,1.647,1.682,1.795
1.66,1.66,1.645,1.646,1.647,1.675,1.787
1.65,1.65,1.635,1.624,1.615,1.635,1.735
1.65,1.65,1.635,1.631,1.63,1.65,1.741
1.62,1.62,1.591,1.577,1.57,1.59,1.669
1.62,1.61,1.59,1.574,1.57,1.592,1.685
1.61,1.61,1.58,1.563,1.57,1.595,1.685
1.58,1.58,1.556,1.54,1.54,1.565,1.65
1.58,1.57,1.55,1.532,1.53,1.565,1.655
1.56,1.55,1.525,1.54,1.53,1.577,1.662
1.54,1.53,1.51,1.542,1.532,1.58,1.672
1.52,1.51,1.479,1.48,1.472,1.512,1.602
1.52,1.51,1.481,1.497,1.49,1.532,1.627
1.52,1.5,1.478,1.48,1.467,1.495,1.587
1.52,1.5,1.488,1.499,1.491,1.525,1.622
1.52,1.5,1.494,1.51,1.5,1.527,1.617
1.52,1.5,1.498,1.49,1.477,1.502,1.595
1.52,1.49,1.47,1.442,1.422,1.452,1.55
1.52,1.49,1.47,1.455,1.444,1.475,1.57
1.52,1.49,1.466,1.457,1.443,1.475,1.565
1.52,1.5,1.479,1.497,1.482,1.512,1.597
1.52,1.5,1.496,1.502,1.485,1.517,1.602
1.52,1.5,1.507,1.507,1.49,1.532,1.622
1.52,1.5,1.507,1.485,1.465,1.505,1.595
1.52,1.5,1.51,1.5,1.482,1.527,1.612
1.51,1.5,1.505,1.477,1.462,1.5,1.582
1.51,1.49,1.49,1.441,1.426,1.454,1.522
1.51,1.49,1.481,1.425,1.412,1.44,1.52
1.51,1.49,1.48,1.43,1.421,1.45,1.537
1.51,1.49,1.478,1.427,1.419,1.447,1.53
1.51,1.49,1.478,1.43,1.423,1.455,1.54
1.51,1.49,1.477,1.445,1.437,1.475,1.565
1.51,1.49,1.457,1.425,1.417,1.46,1.55
1.51,1.49,1.453,1.425,1.42,1.47,1.565
1.5,1.48,1.454,1.432,1.432,1.485,1.581
1.5,1.48,1.447,1.427,1.427,1.477,1.57
1.48,1.46,1.416,1.4,1.394,1.449,1.542
1.46,1.43,1.373,1.358,1.35,1.385,1.477
1.44,1.41,1.351,1.338,1.328,1.372,1.465
1.44,1.41,1.35,1.337,1.332,1.372,1.462
1.43,1.41,1.344,1.342,1.337,1.382,1.472
1.42,1.39,1.329,1.324,1.315,1.365,1.46
1.4,1.38,1.311,1.302,1.288,1.33,1.412
1.4,1.38,1.309,1.315,1.302,1.342,1.42
1.39,1.37,1.3,1.32,1.307,1.342,1.412
1.38,1.36,1.292,1.317,1.305,1.34,1.41
1.38,1.35,1.282,1.302,1.289,1.32,1.385
1.38,1.35,1.282,1.32,1.309,1.345,1.412
1.34,1.31,1.244,1.26,1.246,1.277,1.34
1.3,1.27,1.202,1.185,1.169,1.185,1.247
1.3,1.27,1.202,1.18,1.165,1.186,1.255
1.3,1.26,1.19,1.162,1.147,1.177,1.247
1.3,1.26,1.185,1.177,1.167,1.207,1.272
1.29,1.26,1.183,1.19,1.175,1.215,1.28
1.29,1.25,1.176,1.195,1.182,1.22,1.282
1.28,1.24,1.161,1.162,1.142,1.17,1.22
1.28,1.24,1.158,1.165,1.142,1.177,1.225
1.28,1.23,1.125,1.115,1.092,1.122,1.17
1.27,1.22,1.116,1.112,1.09,1.13,1.183
1.26,1.22,1.112,1.125,1.1,1.145,1.2
1.26,1.21,1.111,1.19,1.167,1.22,1.28
1.25,1.21,1.101,1.15,1.125,1.18,1.23
1.25,1.21,1.103,1.18,1.155,1.203,1.252
1.25,1.2,1.093,1.152,1.12,1.145,1.19
1.25,1.21,1.118,1.204,1.177,1.21,1.25
1.25,1.2,1.125,1.2,1.175,1.21,1.241
1.25,1.2,1.134,1.19,1.16,1.209,1.246
1.25,1.2,1.143,1.22,1.195,1.252,1.295
1.25,1.2,1.153,1.255,1.23,1.297,1.345
1.25,1.2,1.158,1.243,1.216,1.277,1.32
1.25,1.2,1.168,1.25,1.227,1.29,1.335
1.25,1.21,1.185,1.275,1.252,1.32,1.365
1.26,1.22,1.196,1.287,1.27,1.33,1.38
1.25,1.22,1.211,1.277,1.235,1.302,1.355
1.24,1.22,1.221,1.269,1.235,1.28,1.362
1.24,1.23,1.226,1.29,1.265,1.322,1.402
1.24,1.24,1.263,1.374,1.345,1.44,1.54
1.24,1.24,1.268,1.349,1.315,1.402,1.493
1.24,1.24,1.268,1.34,1.306,1.38,1.457
1.24,1.24,1.271,1.36,1.33,1.395,1.465
1.24,1.24,1.28,1.366,1.325,1.395,1.457
1.24,1.25,1.29,1.371,1.335,1.405,1.47
1.24,1.25,1.3,1.363,1.322,1.387,1.447
1.236,1.256,1.306,1.344,1.3,1.362,1.425
1.236,1.256,1.311,1.338,1.3,1.364,1.435
1.236,1.256,1.306,1.338,1.302,1.362,1.447
1.234,1.255,1.297,1.333,1.297,1.355,1.46
1.234,1.253,1.297,1.352,1.317,1.375,1.495
1.229,1.245,1.28,1.325,1.297,1.365,1.497
1.209,1.216,1.241,1.24,1.207,1.247,1.372
1.209,1.216,1.245,1.268,1.237,1.283,1.395
1.209,1.216,1.255,1.285,1.26,1.305,1.422
1.209,1.223,1.261,1.299,1.275,1.34,1.46
1.209,1.226,1.263,1.299,1.275,1.347,1.485
1.205,1.226,1.265,1.304,1.28,1.356,1.484
1.205,1.228,1.265,1.307,1.285,1.371,1.51
1.205,1.228,1.265,1.333,1.32,1.397,1.528
1.21,1.236,1.281,1.387,1.38,1.455,1.58
1.213,1.238,1.286,1.379,1.375,1.462,1.592
1.223,1.25,1.306,1.409,1.412,1.52,1.669
1.221,1.248,1.301,1.369,1.37,1.482,1.647
1.225,1.251,1.305,1.379,1.38,1.487,1.642
1.23,1.258,1.324,1.395,1.397,1.497,1.637
1.238,1.27,1.339,1.434,1.445,1.545,1.685
1.243,1.281,1.374,1.507,1.53,1.635,1.777
1.243,1.281,1.37,1.468,1.487,1.61,1.766
1.241,1.278,1.373,1.442,1.467,1.587,1.744
1.241,1.278,1.372,1.435,1.462,1.586,1.73
1.235,1.273,1.369,1.44,1.477,1.605,1.74
1.231,1.273,1.379,1.496,1.557,1.685,1.837
1.228,1.27,1.372,1.464,1.52,1.657,1.82
1.228,1.274,1.372,1.461,1.52,1.657,1.81
1.228,1.274,1.379,1.487,1.55,1.675,1.833
1.228,1.274,1.379,1.462,1.515,1.64,1.8
1.233,1.283,1.382,1.458,1.505,1.63,1.797
1.241,1.295,1.402,1.5,1.553,1.672,1.842
1.241,1.293,1.395,1.465,1.502,1.611,1.785
1.245,1.298,1.405,1.473,1.512,1.61,1.782
1.245,1.302,1.411,1.483,1.515,1.61,1.795
1.246,1.304,1.421,1.49,1.517,1.595,1.78
1.25,1.309,1.413,1.464,1.48,1.552,1.725
1.253,1.312,1.396,1.436,1.443,1.518,1.666
1.255,1.314,1.4,1.454,1.467,1.54,1.68
1.253,1.312,1.397,1.442,1.455,1.55,1.698
1.253,1.312,1.395,1.448,1.472,1.575,1.725
1.255,1.314,1.391,1.439,1.467,1.557,1.7
1.255,1.314,1.388,1.428,1.45,1.525,1.665
1.255,1.314,1.383,1.408,1.425,1.52,1.665
1.25,1.307,1.368,1.375,1.387,1.48,1.635
1.25,1.307,1.371,1.404,1.43,1.53,1.7
1.248,1.305,1.369,1.414,1.455,1.548,1.737
1.248,1.305,1.364,1.381,1.402,1.475,1.652
1.248,1.305,1.364,1.397,1.42,1.49,1.655
1.245,1.302,1.364,1.404,1.43,1.515,1.685
1.243,1.299,1.353,1.385,1.405,1.48,1.657
1.246,1.3,1.345,1.4,1.39,1.482,1.619
1.246,1.3,1.341,1.395,1.38,1.475,1.62
1.248,1.3,1.341,1.397,1.38,1.472,1.615
1.251,1.305,1.349,1.42,1.4,1.497,1.652
1.255,1.305,1.338,1.394,1.368,1.456,1.602
1.26,1.305,1.339,1.395,1.357,1.45,1.6
1.258,1.304,1.337,1.395,1.36,1.445,1.61
1.263,1.304,1.341,1.402,1.38,1.465,1.655
1.263,1.304,1.34,1.403,1.385,1.475,1.665
1.263,1.304,1.338,1.397,1.377,1.459,1.642
1.263,1.304,1.338,1.391,1.369,1.46,1.632
1.263,1.304,1.34,1.385,1.365,1.47,1.639
1.263,1.304,1.34,1.378,1.366,1.485,1.682
1.263,1.302,1.339,1.365,1.355,1.47,1.672
